,emotion,score
6252,disgust,0.8239001035690308
4684,neutral,0.8812187910079956
1731,anger,0.7483500242233276
4742,fear,0.566923201084137
4521,neutral,0.6374985575675964
6340,surprise,0.6710434556007385
576,surprise,0.5312576293945312
5202,sadness,0.9451421499252319
6363,neutral,0.9357032775878906
439,surprise,0.4121154844760895
2750,sadness,0.5738779306411743
7487,disgust,0.3248576819896698
5272,neutral,0.8080544471740723
5653,neutral,0.7808288931846619
3999,surprise,0.765569269657135
6033,neutral,0.46752309799194336
582,disgust,0.36977529525756836
9930,fear,0.6375612616539001
7051,joy,0.9167899489402771
8158,disgust,0.6912451386451721
9896,joy,0.4122116267681122
2249,disgust,0.644140899181366
4640,neutral,0.41084685921669006
9485,neutral,0.3880312740802765
4947,disgust,0.8599693775177002
9920,neutral,0.36764824390411377
1963,disgust,0.5701026320457458
8243,neutral,0.426434725522995
6590,disgust,0.6028127670288086
8847,sadness,0.8113687038421631
321,disgust,0.6530022621154785
2678,disgust,0.9315940141677856
4625,neutral,0.6228204965591431
4949,neutral,0.7069427371025085
8328,sadness,0.6335113048553467
3337,joy,0.5669793486595154
5589,neutral,0.5309980511665344
251,fear,0.7336940765380859
3973,disgust,0.8679102659225464
6630,disgust,0.6803299784660339
5547,fear,0.883234977722168
35,disgust,0.45477402210235596
8362,joy,0.5513665676116943
1513,neutral,0.6100313067436218
9317,neutral,0.9535702466964722
39,disgust,0.7255655527114868
4819,surprise,0.39138686656951904
3465,disgust,0.710623562335968
1760,neutral,0.6816572546958923
2304,joy,0.43608930706977844
3723,disgust,0.7511272430419922
8284,disgust,0.6262914538383484
4993,joy,0.9421796798706055
8127,disgust,0.7209939956665039
3032,joy,0.8259138464927673
7938,neutral,0.9146977663040161
3039,fear,0.8994026780128479
9655,neutral,0.8267333507537842
2545,disgust,0.9123607873916626
2592,sadness,0.48599106073379517
1188,neutral,0.2832987904548645
7966,disgust,0.8536427617073059
6077,disgust,0.7493161559104919
107,disgust,0.3820100724697113
1315,fear,0.8495137691497803
8187,fear,0.41787147521972656
2753,sadness,0.4239088296890259
9753,surprise,0.4465891718864441
6231,sadness,0.9468644261360168
2876,neutral,0.4803047478199005
5323,joy,0.7503596544265747
799,joy,0.5970478057861328
3570,neutral,0.6416062712669373
2894,fear,0.9525970816612244
2927,joy,0.2914382517337799
8178,neutral,0.48804640769958496
971,joy,0.6423699259757996
6687,sadness,0.8357235193252563
8575,joy,0.9715258479118347
2020,surprise,0.4999430179595947
9054,disgust,0.6637901663780212
952,neutral,0.6672883629798889
5359,surprise,0.8021970391273499
3857,joy,0.9020237326622009
5861,neutral,0.4362145960330963
3145,disgust,0.5589064359664917
3305,anger,0.5365225672721863
3006,sadness,0.8831745386123657
9001,surprise,0.9581770300865173
7770,joy,0.5048351287841797
7438,sadness,0.32313889265060425
7942,surprise,0.6550627946853638
9238,disgust,0.6841935515403748
1056,disgust,0.6491186618804932
3154,disgust,0.9438974261283875
3787,sadness,0.832003653049469
9189,joy,0.3255714476108551
7825,anger,0.85007643699646
7539,neutral,0.543787956237793
7231,disgust,0.4048968255519867
764,sadness,0.40381258726119995
5019,surprise,0.6626796722412109
4903,joy,0.7506698369979858
8093,neutral,0.7289850115776062
6843,disgust,0.6449176073074341
2165,fear,0.8033159971237183
1862,fear,0.37029799818992615
7850,sadness,0.6792640686035156
9123,sadness,0.7230591177940369
2340,fear,0.9384990930557251
5527,joy,0.9328724145889282
6743,disgust,0.9513185620307922
4003,disgust,0.5128445029258728
1123,disgust,0.8470386862754822
8709,surprise,0.8156571388244629
4049,fear,0.9815929532051086
7640,joy,0.7555794715881348
765,joy,0.8521209359169006
2344,sadness,0.666502833366394
4071,disgust,0.8852154612541199
7216,fear,0.36936044692993164
4216,joy,0.8413029313087463
7952,neutral,0.4053461253643036
5970,disgust,0.5545006394386292
3350,sadness,0.46430861949920654
4695,surprise,0.5131921172142029
3399,anger,0.5221138000488281
4081,joy,0.8964111804962158
9149,sadness,0.7853906750679016
1224,sadness,0.5368365049362183
6292,joy,0.5589083433151245
3122,joy,0.9048975110054016
510,surprise,0.851246178150177
5794,joy,0.6461492776870728
8181,neutral,0.5185490250587463
9417,fear,0.9432629346847534
96,neutral,0.5422176718711853
6681,surprise,0.5567217469215393
1512,surprise,0.9700894355773926
8791,neutral,0.4658427834510803
119,neutral,0.4912356436252594
7791,fear,0.4085269272327423
6517,disgust,0.4352167546749115
33,disgust,0.47836118936538696
7887,sadness,0.8085278868675232
6830,sadness,0.4169745445251465
5421,disgust,0.7332320213317871
1068,joy,0.9402967095375061
1347,neutral,0.38427719473838806
4747,sadness,0.9546374082565308
6005,disgust,0.6193908452987671
6039,sadness,0.85141921043396
3817,joy,0.7179926633834839
8446,sadness,0.9200767874717712
5269,neutral,0.3839244842529297
6897,disgust,0.7496078610420227
5309,fear,0.3703153729438782
31,joy,0.38043612241744995
5674,sadness,0.7150203585624695
4386,anger,0.3957520127296448
29,disgust,0.5338716506958008
4202,surprise,0.5471688508987427
7507,fear,0.39703238010406494
735,neutral,0.8635430335998535
2067,disgust,0.7952925562858582
106,sadness,0.7816354036331177
9644,disgust,0.6034309267997742
8894,disgust,0.8337406516075134
8020,disgust,0.7826002240180969
2232,joy,0.8073069453239441
993,disgust,0.9060736298561096
9412,neutral,0.45493197441101074
7058,sadness,0.4292396306991577
6789,surprise,0.4251696467399597
360,disgust,0.7500194907188416
304,surprise,0.7176258563995361
2627,disgust,0.42835530638694763
8965,neutral,0.3953900933265686
4513,disgust,0.5533254742622375
5910,neutral,0.6549330949783325
8313,neutral,0.5187667608261108
3100,disgust,0.8203130960464478
5703,fear,0.9008886814117432
3898,disgust,0.9036973118782043
5440,sadness,0.6536450982093811
7930,fear,0.42027372121810913
621,neutral,0.49988439679145813
7235,neutral,0.7519781589508057
2498,neutral,0.43685927987098694
713,neutral,0.5019771456718445
8403,disgust,0.69992595911026
2855,joy,0.5044183135032654
4269,disgust,0.5439414978027344
2908,sadness,0.3832356333732605
8080,joy,0.9404651522636414
4516,neutral,0.5633432269096375
1261,neutral,0.3294256329536438
3160,disgust,0.7656548023223877
970,disgust,0.7886323928833008
3912,disgust,0.8865457773208618
5198,neutral,0.8921809196472168
8846,joy,0.7174290418624878
259,neutral,0.2993868291378021
3790,neutral,0.6609150767326355
9202,joy,0.4101085960865021
487,fear,0.8974437713623047
7907,neutral,0.3121889531612396
518,neutral,0.5841099619865417
8342,disgust,0.38074779510498047
311,surprise,0.3156033754348755
3231,joy,0.5773561000823975
7932,neutral,0.8374823331832886
7457,joy,0.8680859804153442
9783,disgust,0.7265745401382446
5183,fear,0.495218425989151
8076,sadness,0.6698864102363586
6501,neutral,0.4289529323577881
6790,disgust,0.5263566970825195
7772,disgust,0.5817427039146423
2737,fear,0.9775380492210388
7841,joy,0.7725346684455872
6261,disgust,0.513904333114624
8205,disgust,0.8813074827194214
1247,disgust,0.8323804140090942
9335,sadness,0.3695112466812134
4194,joy,0.42472171783447266
8000,anger,0.37859198451042175
7377,disgust,0.6460771560668945
3434,anger,0.4057092070579529
5381,fear,0.7783776521682739
958,disgust,0.6720459461212158
416,disgust,0.4282476305961609
5741,joy,0.5824331641197205
6727,surprise,0.5560434460639954
4381,disgust,0.47224393486976624
5196,disgust,0.5306114554405212
1112,joy,0.9151775240898132
2688,joy,0.5192689895629883
6472,disgust,0.76125568151474
8819,joy,0.4635278880596161
7807,sadness,0.6796290278434753
3410,neutral,0.6961717009544373
80,disgust,0.7917647361755371
4613,disgust,0.884172797203064
1373,fear,0.9666606783866882
1509,neutral,0.6840857267379761
6442,sadness,0.5009175539016724
3070,disgust,0.8192705512046814
3015,anger,0.807157576084137
4822,disgust,0.4891825020313263
7821,disgust,0.4659535884857178
92,sadness,0.26059430837631226
9420,joy,0.716553270816803
6599,joy,0.5590612888336182
4442,disgust,0.893095850944519
7601,neutral,0.38567686080932617
3834,surprise,0.7528796792030334
9701,joy,0.314113050699234
4321,disgust,0.4653456211090088
3393,sadness,0.8382886648178101
4751,neutral,0.44409096240997314
7228,sadness,0.4149777293205261
9190,neutral,0.389506459236145
2360,disgust,0.6671664714813232
1147,anger,0.5673899054527283
5665,joy,0.4587925970554352
8074,joy,0.6957112550735474
4942,anger,0.5147921442985535
3662,disgust,0.844537615776062
1562,disgust,0.6919012665748596
4112,disgust,0.8542035818099976
9049,disgust,0.7037853002548218
9275,joy,0.7843548059463501
8537,joy,0.9791370630264282
794,disgust,0.5527945756912231
5853,sadness,0.890342652797699
7618,neutral,0.6624575257301331
1593,sadness,0.8044872879981995
7417,neutral,0.7460153102874756
5266,sadness,0.562425971031189
7146,disgust,0.9182569980621338
88,fear,0.798300564289093
8694,sadness,0.8698227405548096
9731,joy,0.4582476019859314
9445,joy,0.9274057745933533
6753,surprise,0.46971672773361206
3501,joy,0.594282865524292
2233,sadness,0.5622410178184509
2802,disgust,0.8255298137664795
4423,neutral,0.7332623600959778
5662,surprise,0.6486476063728333
7169,surprise,0.6704270243644714
8336,neutral,0.8242687582969666
2147,disgust,0.26866114139556885
7968,disgust,0.39828482270240784
6550,sadness,0.6864654421806335
7642,disgust,0.8022320866584778
6163,anger,0.34415948390960693
1494,disgust,0.6813349723815918
7695,sadness,0.4232412576675415
7093,neutral,0.36913183331489563
1408,disgust,0.4646730124950409
6690,sadness,0.638342559337616
3400,disgust,0.7759396433830261
108,joy,0.7276796698570251
5635,surprise,0.34120649099349976
8481,fear,0.41179943084716797
6603,fear,0.8866704106330872
1090,surprise,0.9150030612945557
5559,disgust,0.5363594889640808
9411,disgust,0.43212947249412537
8142,disgust,0.9266210794448853
8663,disgust,0.7484732270240784
6595,sadness,0.6581432223320007
623,fear,0.3750414550304413
6870,sadness,0.6818580627441406
4813,disgust,0.9406596422195435
6552,disgust,0.5917723774909973
7529,anger,0.9248853921890259
5795,sadness,0.6070135831832886
7436,disgust,0.9423379898071289
4217,joy,0.9720765948295593
5940,disgust,0.5703617334365845
8500,sadness,0.780843198299408
6428,fear,0.2700214087963104
6826,joy,0.5946635603904724
4130,joy,0.8479800820350647
7801,neutral,0.7599878311157227
7753,neutral,0.5337418913841248
4721,sadness,0.6276393532752991
1650,disgust,0.616603434085846
4140,fear,0.9336411356925964
1617,surprise,0.9423486590385437
2029,neutral,0.7525892853736877
8517,disgust,0.6091272234916687
4575,disgust,0.6867399215698242
3992,surprise,0.6452723145484924
7376,disgust,0.9792190194129944
6149,disgust,0.281583309173584
4908,disgust,0.8541428446769714
5026,neutral,0.38420170545578003
8260,sadness,0.7460605502128601
4731,fear,0.9808330535888672
7548,disgust,0.6786426901817322
8134,sadness,0.538653552532196
1606,fear,0.8434133529663086
4773,surprise,0.2603060007095337
8109,disgust,0.48910319805145264
6951,disgust,0.3343105912208557
6004,fear,0.96726393699646
7728,neutral,0.7122359275817871
3541,neutral,0.651142954826355
388,disgust,0.5128759741783142
1794,disgust,0.9758268594741821
8731,anger,0.6085725426673889
4919,disgust,0.595544695854187
5537,sadness,0.4553534984588623
3872,disgust,0.8380269408226013
8868,disgust,0.3816061317920685
2254,sadness,0.6463395357131958
3412,sadness,0.633458137512207
5459,sadness,0.9640173316001892
4955,joy,0.8602417707443237
7396,neutral,0.4420525133609772
5414,joy,0.7162648439407349
7399,disgust,0.8664169311523438
7414,fear,0.9624913930892944
9100,neutral,0.7799182534217834
4851,sadness,0.5049806237220764
2025,joy,0.7799243927001953
2615,disgust,0.5456559062004089
7388,disgust,0.8329936861991882
2926,neutral,0.7230862975120544
1121,fear,0.681084930896759
2910,joy,0.8255606293678284
8146,fear,0.8318907022476196
7383,fear,0.7443561553955078
3482,disgust,0.5302985906600952
795,neutral,0.5737116932868958
1575,fear,0.4596717655658722
6176,joy,0.4819123148918152
6266,joy,0.4220658540725708
2458,sadness,0.42973801493644714
3312,disgust,0.5370773077011108
1253,disgust,0.823589563369751
6834,disgust,0.5065199732780457
8794,sadness,0.612169623374939
3837,joy,0.6835681200027466
4398,surprise,0.34782880544662476
3595,joy,0.8543651103973389
6621,fear,0.9512096047401428
8382,sadness,0.7785652279853821
2124,disgust,0.36916613578796387
3238,neutral,0.47331249713897705
5403,disgust,0.817704975605011
5998,disgust,0.9335569739341736
5938,joy,0.4759679138660431
2045,disgust,0.3850730061531067
1578,disgust,0.819141149520874
14,disgust,0.7939450144767761
2673,disgust,0.8344875574111938
7016,fear,0.5887658596038818
8720,joy,0.6180695295333862
8849,neutral,0.7437907457351685
4812,disgust,0.9490732550621033
1084,sadness,0.9133215546607971
4983,sadness,0.9605239033699036
7155,sadness,0.6943447589874268
2884,disgust,0.36454150080680847
333,joy,0.8391750454902649
7204,fear,0.7959461212158203
4367,neutral,0.45895758271217346
3079,sadness,0.8084713220596313
7203,disgust,0.8116939067840576
9909,disgust,0.7579227089881897
8864,disgust,0.8995447158813477
263,disgust,0.7982223629951477
4337,joy,0.8967894315719604
8895,sadness,0.4537107050418854
8447,neutral,0.6711305975914001
5903,neutral,0.42966291308403015
1498,joy,0.797473132610321
4190,disgust,0.8645318746566772
7485,disgust,0.846830427646637
9643,neutral,0.47672799229621887
8310,neutral,0.5722084045410156
7590,neutral,0.40323758125305176
500,disgust,0.9621602892875671
9155,sadness,0.6197750568389893
9414,neutral,0.8037582635879517
3095,sadness,0.9612634778022766
4631,disgust,0.9353681802749634
367,disgust,0.643872082233429
4058,neutral,0.8308670520782471
8174,fear,0.5118941068649292
4630,disgust,0.772738516330719
6070,anger,0.41870859265327454
2664,neutral,0.4366765022277832
1026,disgust,0.8830441832542419
5908,neutral,0.643858015537262
5050,surprise,0.950929582118988
6328,neutral,0.5351031422615051
9733,neutral,0.5596639513969421
1691,neutral,0.6954239010810852
673,sadness,0.7432786822319031
5572,sadness,0.24903368949890137
5766,sadness,0.5153219699859619
5156,sadness,0.4252403676509857
733,fear,0.8421342372894287
3526,fear,0.7293776869773865
568,neutral,0.46926188468933105
9187,neutral,0.6384731531143188
2922,disgust,0.8239735960960388
7911,joy,0.9449529051780701
1558,neutral,0.7707573175430298
101,disgust,0.7920588850975037
3007,sadness,0.34761232137680054
7201,joy,0.5182099938392639
303,sadness,0.37877601385116577
76,sadness,0.6247260570526123
6754,disgust,0.36471861600875854
8629,joy,0.8386115431785583
1208,neutral,0.5177987813949585
7742,anger,0.4828420877456665
8214,disgust,0.8628605008125305
8944,sadness,0.9275856614112854
8413,disgust,0.7322234511375427
1775,sadness,0.29716023802757263
3473,sadness,0.37732699513435364
483,sadness,0.3461189270019531
2189,sadness,0.8182065486907959
346,disgust,0.6473663449287415
5481,joy,0.5688867568969727
8361,joy,0.2921411991119385
1472,neutral,0.7159291505813599
5100,neutral,0.7173706889152527
6765,neutral,0.7480191588401794
8706,sadness,0.33574509620666504
4929,disgust,0.6500759720802307
6329,disgust,0.6541103720664978
2609,joy,0.9711077213287354
3,joy,0.37785086035728455
2213,fear,0.9493390917778015
4827,neutral,0.3235202729701996
856,neutral,0.5549740791320801
6977,joy,0.7368068099021912
5885,joy,0.7233127951622009
624,fear,0.6088320016860962
290,surprise,0.6599472761154175
2018,neutral,0.5183979868888855
668,sadness,0.6683144569396973
8921,neutral,0.5026468634605408
8264,neutral,0.6190754771232605
9696,disgust,0.6122499704360962
1631,disgust,0.8176388144493103
5170,disgust,0.9602334499359131
7205,joy,0.34419554471969604
2522,disgust,0.8581318855285645
2215,neutral,0.39721566438674927
6968,surprise,0.7377485632896423
6496,joy,0.657866358757019
6213,surprise,0.643971860408783
7032,neutral,0.6820513606071472
7420,surprise,0.727543830871582
1107,neutral,0.43480759859085083
450,neutral,0.5803215503692627
6289,fear,0.7358870506286621
9966,neutral,0.6426383256912231
135,surprise,0.806204617023468
1785,joy,0.7467628121376038
3404,sadness,0.5993533134460449
2906,neutral,0.4425058364868164
8304,joy,0.8894232511520386
7492,sadness,0.7131385803222656
6100,disgust,0.6669043898582458
4504,sadness,0.41792985796928406
5053,surprise,0.47238266468048096
5205,joy,0.8790051341056824
4080,disgust,0.8699420690536499
6918,joy,0.7153624892234802
6802,joy,0.9355067014694214
5206,neutral,0.46580129861831665
532,neutral,0.266048789024353
4830,joy,0.7554516792297363
4038,joy,0.3818000853061676
4084,surprise,0.4809856414794922
3204,sadness,0.7253980040550232
7110,sadness,0.37529775500297546
330,joy,0.5728804469108582
4957,sadness,0.7446301579475403
3033,sadness,0.4163661003112793
7684,fear,0.3622799515724182
1597,disgust,0.2661125063896179
9919,disgust,0.879363477230072
3597,surprise,0.8477737903594971
9038,disgust,0.5494370460510254
8001,joy,0.6086764335632324
590,disgust,0.9859021902084351
647,disgust,0.9531298279762268
9102,joy,0.928087592124939
8015,disgust,0.3243574798107147
3771,surprise,0.4842652976512909
9039,neutral,0.42991864681243896
5082,disgust,0.5277307033538818
7882,disgust,0.890190064907074
9362,anger,0.4758952260017395
4210,disgust,0.9516947865486145
8834,joy,0.5314232110977173
8699,disgust,0.4410950541496277
1795,disgust,0.3399606943130493
2586,disgust,0.5119267106056213
8355,neutral,0.3894081711769104
2316,disgust,0.7330074906349182
4185,disgust,0.9535917043685913
8827,neutral,0.5397177338600159
7072,sadness,0.8187951445579529
5234,sadness,0.7476271986961365
8743,fear,0.9581761360168457
8670,joy,0.5724679231643677
4768,disgust,0.7386618852615356
9972,fear,0.5134989023208618
7144,neutral,0.6572775840759277
2913,neutral,0.4613244831562042
9871,joy,0.783139705657959
9893,disgust,0.3413693308830261
2075,disgust,0.4229115843772888
4302,sadness,0.7365062236785889
5822,disgust,0.7882660031318665
2149,disgust,0.5606760382652283
144,disgust,0.5353612899780273
4963,disgust,0.3528991937637329
8159,neutral,0.5896860361099243
9030,surprise,0.9544566869735718
4775,sadness,0.42954719066619873
8933,anger,0.5103427767753601
7749,anger,0.6966425180435181
9828,disgust,0.5952005386352539
9214,sadness,0.9069188833236694
6060,neutral,0.5843551754951477
9475,disgust,0.46036550402641296
6409,fear,0.30076780915260315
3317,neutral,0.5126885175704956
7464,fear,0.9376745223999023
3061,fear,0.3688298761844635
1355,disgust,0.3682590126991272
4514,joy,0.4608765244483948
5505,joy,0.6021592617034912
5250,neutral,0.7787771821022034
4511,sadness,0.7104697823524475
1730,surprise,0.9042113423347473
1758,sadness,0.447221040725708
6650,joy,0.4824690818786621
6646,neutral,0.6729431748390198
9860,neutral,0.3591236174106598
4139,disgust,0.6071662902832031
9393,disgust,0.7794949412345886
5123,joy,0.3179379403591156
0,fear,0.4496018886566162
1864,neutral,0.5761311054229736
543,disgust,0.3862408399581909
349,neutral,0.49961066246032715
6906,joy,0.6647788286209106
9765,joy,0.6552744507789612
2523,neutral,0.4342036545276642
3464,neutral,0.6197466254234314
457,joy,0.7630888223648071
3023,joy,0.954891562461853
7261,sadness,0.29230090975761414
9515,disgust,0.8852637410163879
7872,surprise,0.7360188961029053
6625,disgust,0.8110085725784302
2534,sadness,0.5723092555999756
131,surprise,0.3104548156261444
3704,disgust,0.48190033435821533
1372,joy,0.7328640222549438
6200,disgust,0.3621895909309387
4856,neutral,0.3588283360004425
4712,anger,0.5198657512664795
5544,disgust,0.6345207095146179
1413,joy,0.775922954082489
4113,disgust,0.5601288080215454
655,joy,0.9570661187171936
8137,sadness,0.45148342847824097
4098,sadness,0.7739789485931396
592,disgust,0.8620821833610535
8708,neutral,0.4980342984199524
3123,joy,0.35991182923316956
3047,fear,0.40678367018699646
3887,disgust,0.8922624588012695
5735,sadness,0.7242653369903564
2184,neutral,0.8094188570976257
2145,disgust,0.7438037395477295
7047,disgust,0.9401371479034424
3105,disgust,0.6022997498512268
9233,joy,0.7461751699447632
9096,surprise,0.9408577680587769
2769,joy,0.7896724939346313
5221,surprise,0.4378923773765564
5833,surprise,0.9643375873565674
1732,neutral,0.6979852318763733
265,surprise,0.7027028799057007
5144,disgust,0.8757590651512146
8267,sadness,0.6734667420387268
3937,neutral,0.476945161819458
761,surprise,0.5791236162185669
7220,joy,0.6392204761505127
8439,fear,0.56149822473526
3257,joy,0.7467539310455322
4338,neutral,0.8238141536712646
4362,sadness,0.5179306864738464
316,disgust,0.30721810460090637
8069,sadness,0.9250727891921997
1851,joy,0.5750433206558228
2484,neutral,0.6389048099517822
9873,joy,0.3355061411857605
9574,disgust,0.5988855957984924
1078,neutral,0.5595563650131226
8358,fear,0.9516304135322571
7333,neutral,0.3138209283351898
1071,fear,0.7161706686019897
103,fear,0.968867838382721
5748,sadness,0.3534262180328369
1418,disgust,0.4770566523075104
1658,joy,0.6717203855514526
5284,neutral,0.35365182161331177
1149,joy,0.4672650694847107
7150,disgust,0.756865382194519
1568,surprise,0.9323170185089111
1087,disgust,0.43679356575012207
6085,neutral,0.7775144577026367
8674,disgust,0.7452348470687866
8341,surprise,0.7584742307662964
7811,disgust,0.9290217161178589
6084,disgust,0.9281852841377258
8773,sadness,0.8814253807067871
8757,surprise,0.9626774787902832
1692,neutral,0.8182277083396912
4734,neutral,0.5066819190979004
3387,anger,0.8602193593978882
3646,joy,0.9347121715545654
1683,disgust,0.7168882489204407
8,disgust,0.8918476104736328
6062,neutral,0.6859763860702515
6516,disgust,0.9477388262748718
4123,anger,0.4746389389038086
8729,disgust,0.7759180665016174
6045,sadness,0.8099325895309448
567,sadness,0.3798770010471344
9161,neutral,0.9022212028503418
1803,neutral,0.39447614550590515
8501,joy,0.5821026563644409
4900,fear,0.414592981338501
1599,disgust,0.7599558234214783
7931,sadness,0.41556820273399353
9547,neutral,0.6037319302558899
2823,neutral,0.44402894377708435
5467,neutral,0.4889877438545227
3529,disgust,0.5396692752838135
8683,joy,0.7219254970550537
1155,disgust,0.8308558464050293
6547,joy,0.6399040222167969
9088,disgust,0.5700332522392273
7620,surprise,0.9265481233596802
8296,surprise,0.9458895325660706
4540,disgust,0.5921022891998291
9134,sadness,0.34191349148750305
6482,disgust,0.5379158854484558
5826,sadness,0.5129151344299316
1190,joy,0.8551341891288757
7444,anger,0.9508170485496521
8520,disgust,0.8376743793487549
960,neutral,0.6711392998695374
7454,fear,0.5563319325447083
36,disgust,0.5543181300163269
7516,neutral,0.826907753944397
7644,joy,0.9595715403556824
4438,sadness,0.9526824355125427
6161,fear,0.47489070892333984
7744,neutral,0.43736976385116577
9587,fear,0.5684828758239746
8119,fear,0.8742349743843079
6967,joy,0.4359316825866699
5718,joy,0.9433233141899109
577,neutral,0.8834227919578552
9833,neutral,0.4318126142024994
4102,disgust,0.9464284777641296
7646,neutral,0.916995108127594
4151,fear,0.4558899700641632
3130,disgust,0.8946203589439392
4890,surprise,0.5364058613777161
9975,sadness,0.681983232498169
7471,fear,0.9584863185882568
1833,neutral,0.36357638239860535
9148,sadness,0.484466552734375
4891,neutral,0.6116318106651306
2287,disgust,0.8953133225440979
1330,sadness,0.38210979104042053
2771,disgust,0.5132927894592285
3686,neutral,0.5282623767852783
8283,sadness,0.6901652216911316
5928,surprise,0.6247941851615906
637,neutral,0.5192270874977112
47,sadness,0.5778694152832031
2602,neutral,0.8125247359275818
1965,joy,0.5660737156867981
2168,disgust,0.3814103603363037
5049,joy,0.7966296076774597
3334,disgust,0.5530177354812622
3019,disgust,0.7684299945831299
8764,disgust,0.42269521951675415
9176,disgust,0.6143367290496826
1360,joy,0.6941814422607422
5798,disgust,0.7389518618583679
9400,neutral,0.6923340559005737
3251,joy,0.9855228662490845
6300,neutral,0.7010659575462341
2251,fear,0.35475093126296997
6027,joy,0.8254152536392212
1175,disgust,0.3433363437652588
8799,joy,0.6328723430633545
3279,fear,0.8207440376281738
2973,disgust,0.6811957955360413
3396,neutral,0.5036496520042419
6939,fear,0.9779987335205078
965,sadness,0.803978443145752
8574,sadness,0.849827766418457
742,neutral,0.7792267203330994
7514,joy,0.9619240760803223
3314,disgust,0.6293581128120422
4898,disgust,0.49473604559898376
9340,joy,0.6945644617080688
4672,disgust,0.5285848379135132
8618,sadness,0.9074054956436157
1217,joy,0.6099115610122681
4397,fear,0.42817452549934387
6080,sadness,0.42279133200645447
2614,neutral,0.6973785161972046
2620,fear,0.47301676869392395
8714,disgust,0.742500364780426
7282,disgust,0.9202409982681274
3379,fear,0.43578410148620605
7301,disgust,0.8883102536201477
9857,disgust,0.9020016193389893
5605,disgust,0.7995661497116089
9813,neutral,0.2695148289203644
5786,surprise,0.4753710627555847
8518,sadness,0.5666300058364868
6850,disgust,0.9040883183479309
1516,joy,0.8825634717941284
5098,disgust,0.2648114562034607
7636,sadness,0.8067195415496826
9085,joy,0.9642527103424072
8023,neutral,0.4104253351688385
2392,neutral,0.8819379806518555
586,sadness,0.7539118528366089
3519,disgust,0.646563708782196
7653,disgust,0.9603311419487
8946,neutral,0.61928391456604
850,disgust,0.9552940726280212
335,fear,0.5510284304618835
6634,disgust,0.6177626848220825
8972,disgust,0.852519154548645
7493,neutral,0.5375343561172485
2868,joy,0.5326065421104431
4872,disgust,0.7715591788291931
3550,surprise,0.9788959622383118
3842,fear,0.7550348043441772
7262,disgust,0.9235053062438965
5824,joy,0.6218351721763611
23,neutral,0.6857324242591858
1453,sadness,0.6119339466094971
1684,disgust,0.40413233637809753
2310,disgust,0.9285174012184143
9063,disgust,0.7988598346710205
9406,disgust,0.8264946937561035
381,anger,0.43268001079559326
5814,disgust,0.7053785920143127
5550,anger,0.3071543276309967
9308,neutral,0.6597650051116943
1618,sadness,0.9516077637672424
789,disgust,0.6639553904533386
5983,neutral,0.2882184684276581
8672,sadness,0.678851306438446
4475,joy,0.8042293787002563
5606,joy,0.43818870186805725
9312,neutral,0.6296605467796326
5648,disgust,0.9129633903503418
6216,disgust,0.8562343716621399
2286,disgust,0.8945886492729187
9993,neutral,0.8634596467018127
7578,anger,0.9666738510131836
1183,neutral,0.5453755855560303
6001,fear,0.6631356477737427
5090,disgust,0.6278098821640015
2516,fear,0.630587637424469
4122,disgust,0.33966436982154846
5521,disgust,0.8799458146095276
5627,fear,0.9071180820465088
8360,joy,0.8512480854988098
5872,fear,0.8276568651199341
8612,fear,0.472249835729599
7727,joy,0.6687277555465698
5968,neutral,0.447905033826828
1180,joy,0.5917190313339233
8762,fear,0.7877113819122314
8235,joy,0.955504298210144
2818,sadness,0.6656194925308228
9964,joy,0.570410430431366
8703,surprise,0.4343511760234833
6608,joy,0.9336796998977661
2820,anger,0.7188929319381714
7535,sadness,0.6235008835792542
2260,neutral,0.5648201704025269
2239,surprise,0.646284818649292
6021,joy,0.8665730953216553
782,neutral,0.5172863006591797
932,surprise,0.523061990737915
6202,sadness,0.468986451625824
2412,surprise,0.852847695350647
6997,sadness,0.6849185228347778
9115,neutral,0.864627480506897
1156,neutral,0.5490223169326782
8107,sadness,0.7792448997497559
5805,sadness,0.7655482292175293
4879,disgust,0.3818773925304413
3309,fear,0.9026693105697632
8961,joy,0.5565007925033569
1702,disgust,0.9155447483062744
2492,anger,0.8204867243766785
3706,surprise,0.596318781375885
8276,sadness,0.4471088945865631
286,disgust,0.45097026228904724
1608,fear,0.898552656173706
6631,joy,0.8366908431053162
8278,disgust,0.8349148035049438
7315,joy,0.49884989857673645
2252,joy,0.9446096420288086
7415,sadness,0.3300933837890625
8365,disgust,0.9130136966705322
1891,fear,0.5983459949493408
5062,sadness,0.5023296475410461
6120,disgust,0.8078476786613464
563,disgust,0.3479486107826233
291,fear,0.5084575414657593
4716,anger,0.3880823850631714
7708,neutral,0.9254249334335327
6349,neutral,0.4779854416847229
169,disgust,0.42131590843200684
267,neutral,0.2532643675804138
4638,joy,0.6147955656051636
7077,disgust,0.8539708852767944
3355,disgust,0.6566339135169983
8279,surprise,0.7254583239555359
315,joy,0.5496598482131958
6728,joy,0.6774044036865234
9495,joy,0.9073237180709839
4067,sadness,0.7504360675811768
245,joy,0.3791881501674652
252,fear,0.7362117767333984
1111,neutral,0.8383405208587646
4801,anger,0.39797186851501465
1713,fear,0.3066776394844055
50,neutral,0.5650706887245178
1835,disgust,0.7928667068481445
7896,neutral,0.694280743598938
3383,disgust,0.6965246200561523
6410,fear,0.7478717565536499
4313,disgust,0.5293187499046326
872,joy,0.9298921227455139
1254,anger,0.36882662773132324
8881,disgust,0.5826183557510376
5851,joy,0.6731153726577759
5702,surprise,0.697616457939148
8103,neutral,0.67315673828125
2098,fear,0.7672329545021057
5128,surprise,0.4351128339767456
248,sadness,0.25935599207878113
6561,fear,0.8048673272132874
1339,sadness,0.8601862192153931
7017,neutral,0.8702229261398315
2110,joy,0.5236426591873169
1569,neutral,0.4813629984855652
1726,neutral,0.7397690415382385
8384,disgust,0.8052459955215454
6940,neutral,0.5927116870880127
4395,surprise,0.6796131730079651
2420,disgust,0.4895271062850952
3045,joy,0.9222961068153381
5503,joy,0.4777296185493469
3703,neutral,0.8490527272224426
8191,sadness,0.936788022518158
5331,joy,0.9697058200836182
9808,anger,0.455224871635437
447,disgust,0.8848012089729309
7894,sadness,0.7196372747421265
8728,disgust,0.8186858296394348
7828,disgust,0.49325892329216003
1768,neutral,0.7449228167533875
6808,neutral,0.4505700170993805
4704,neutral,0.9246301651000977
3869,fear,0.3491288721561432
1655,joy,0.4195268452167511
3187,sadness,0.3086753785610199
683,neutral,0.534323513507843
4170,sadness,0.5027766823768616
4477,sadness,0.3259478807449341
461,disgust,0.6805647015571594
5764,sadness,0.6447492837905884
7522,joy,0.9487426280975342
4502,joy,0.8977369666099548
9709,sadness,0.8548368215560913
318,disgust,0.8560253977775574
1145,disgust,0.442489355802536
5094,joy,0.5834818482398987
1393,fear,0.7662895321846008
6623,disgust,0.9657291173934937
1501,neutral,0.5608101487159729
6408,neutral,0.8573400974273682
376,joy,0.9442896842956543
410,joy,0.7650132179260254
1660,sadness,0.792413055896759
3151,disgust,0.5129227638244629
1623,sadness,0.8676655888557434
5609,neutral,0.547508716583252
8532,neutral,0.572002112865448
5802,disgust,0.8670336008071899
5306,sadness,0.5276945233345032
7086,neutral,0.4745757579803467
8897,disgust,0.6867325305938721
7488,joy,0.9490236639976501
9615,disgust,0.8346662521362305
9217,neutral,0.8458113670349121
1672,neutral,0.397978812456131
2358,joy,0.9305686950683594
8467,surprise,0.6337611079216003
274,neutral,0.33399254083633423
2473,fear,0.42290598154067993
5489,surprise,0.6134258508682251
4771,sadness,0.5234273076057434
2107,neutral,0.559039831161499
7500,neutral,0.6263123750686646
4414,fear,0.47644808888435364
8138,disgust,0.3887134790420532
8660,joy,0.8874327540397644
8239,fear,0.9341857433319092
2417,disgust,0.8378187417984009
8771,surprise,0.5079415440559387
2236,fear,0.7525996565818787
3767,neutral,0.6902663111686707
9791,sadness,0.8014837503433228
9989,joy,0.40564608573913574
9965,joy,0.4103173613548279
7323,surprise,0.774493396282196
1383,joy,0.924507737159729
3101,neutral,0.4435345530509949
3921,surprise,0.6009271144866943
6685,disgust,0.6678251624107361
3194,joy,0.862263023853302
1941,neutral,0.4942930042743683
7713,disgust,0.9533221125602722
4896,fear,0.9645276665687561
4782,fear,0.585757851600647
1496,disgust,0.8286712765693665
1957,disgust,0.5713555216789246
9171,sadness,0.5730060338973999
9745,joy,0.9643567800521851
7332,disgust,0.4774521589279175
7949,neutral,0.5210046768188477
3017,sadness,0.9203965067863464
6746,neutral,0.7328454852104187
513,anger,0.6382803320884705
3934,disgust,0.6247701048851013
3025,fear,0.6561657190322876
1199,disgust,0.5020430684089661
5028,fear,0.9503536224365234
9784,surprise,0.30277219414711
921,neutral,0.5752278566360474
4649,sadness,0.670753538608551
5332,fear,0.5757117867469788
1076,surprise,0.7518280744552612
6768,surprise,0.5750527381896973
9410,surprise,0.7934763431549072
1671,joy,0.524034321308136
474,fear,0.7719246745109558
9186,joy,0.44931232929229736
8839,disgust,0.62190181016922
5758,surprise,0.6556332111358643
6297,neutral,0.4026140868663788
2478,joy,0.6325908303260803
5493,anger,0.4946788251399994
3914,neutral,0.7133904099464417
2138,joy,0.7109576463699341
5454,disgust,0.7050906419754028
5379,sadness,0.44423675537109375
8985,joy,0.510262131690979
4023,neutral,0.3033493757247925
3485,joy,0.7658790946006775
2455,disgust,0.7895264029502869
2464,fear,0.9574819207191467
8696,sadness,0.8355875611305237
1369,disgust,0.659866988658905
6688,neutral,0.6893507242202759
7456,disgust,0.33973178267478943
9974,neutral,0.48534584045410156
1901,sadness,0.7905157208442688
4871,joy,0.9559845924377441
4710,joy,0.5660748481750488
7886,neutral,0.730417013168335
1793,disgust,0.8018852472305298
2874,joy,0.839228630065918
6217,fear,0.4354610741138458
5213,joy,0.6316218972206116
2245,sadness,0.8948558568954468
1741,joy,0.37624624371528625
1020,disgust,0.5696213841438293
705,joy,0.820054829120636
4294,disgust,0.6311709880828857
5576,fear,0.941933810710907
7166,disgust,0.5574756860733032
8177,joy,0.5352137088775635
908,joy,0.8726208209991455
5193,neutral,0.7628302574157715
3077,sadness,0.732782781124115
9366,joy,0.8828625679016113
594,disgust,0.5931973457336426
5304,fear,0.540915846824646
440,disgust,0.4349510073661804
7606,disgust,0.624126136302948
4092,fear,0.4212459623813629
6134,disgust,0.3103428781032562
10,disgust,0.7776172161102295
3776,surprise,0.545817494392395
8999,neutral,0.589449942111969
3708,neutral,0.3692440688610077
3780,disgust,0.3288804888725281
93,sadness,0.8728817105293274
9239,surprise,0.40596792101860046
3949,fear,0.9306195974349976
5785,joy,0.5662936568260193
4870,disgust,0.6831986904144287
4802,disgust,0.8003437519073486
4867,joy,0.8755307197570801
292,neutral,0.730688214302063
7888,disgust,0.9690794944763184
7405,fear,0.9456337094306946
5595,sadness,0.9734311103820801
2886,neutral,0.523008406162262
6454,disgust,0.7918186187744141
2542,neutral,0.3649636507034302
1765,disgust,0.49942928552627563
6800,neutral,0.4253910779953003
1877,joy,0.5812546014785767
1981,joy,0.8648713827133179
9729,joy,0.6932213306427002
9608,neutral,0.9246414303779602
2685,surprise,0.6825473308563232
8930,neutral,0.40687182545661926
3458,surprise,0.9619116187095642
4541,neutral,0.5878124833106995
2178,neutral,0.6779869794845581
4450,joy,0.9629665613174438
3859,joy,0.6736031174659729
7623,anger,0.3811486065387726
7654,neutral,0.48056256771087646
4519,disgust,0.9385349750518799
2517,sadness,0.5365920662879944
4836,neutral,0.8598698973655701
2885,surprise,0.9414998292922974
7281,joy,0.6221626996994019
6255,sadness,0.5648698210716248
4539,fear,0.2939133644104004
5639,joy,0.9118863940238953
9459,disgust,0.8482905030250549
3481,sadness,0.9450204372406006
1277,fear,0.5160516500473022
3146,fear,0.7130523324012756
8262,fear,0.8708882331848145
3205,surprise,0.4474848210811615
9892,disgust,0.4193878769874573
2742,neutral,0.6821640729904175
6076,neutral,0.45647120475769043
4047,joy,0.478705495595932
5731,disgust,0.5311583876609802
2945,neutral,0.49252429604530334
5790,neutral,0.6225146055221558
6794,fear,0.43987393379211426
6543,disgust,0.8552124500274658
700,disgust,0.9289472103118896
3574,disgust,0.8473806381225586
7699,neutral,0.6960851550102234
2515,surprise,0.36914268136024475
3000,disgust,0.7178484797477722
5820,joy,0.8020629286766052
8581,fear,0.35254526138305664
3684,sadness,0.5257611274719238
2995,fear,0.40469855070114136
4252,neutral,0.30543333292007446
3411,disgust,0.5105709433555603
7962,sadness,0.5423691868782043
6309,sadness,0.2818566858768463
8611,anger,0.23170390725135803
5012,joy,0.7940930724143982
7750,neutral,0.49757519364356995
5979,surprise,0.750406801700592
4048,anger,0.5188133716583252
4899,joy,0.8378933072090149
1318,disgust,0.8493042588233948
9772,neutral,0.5119825601577759
9137,disgust,0.28998732566833496
7142,neutral,0.3354974687099457
1897,disgust,0.5963913798332214
7465,disgust,0.8088154196739197
603,joy,0.8954383730888367
2846,sadness,0.9699904322624207
8207,disgust,0.4844304621219635
393,disgust,0.7858341336250305
4436,neutral,0.8139921426773071
9447,disgust,0.8166935443878174
7234,sadness,0.831836462020874
5398,joy,0.9036644697189331
95,sadness,0.8893550038337708
1662,disgust,0.3745464086532593
8970,anger,0.37125808000564575
5130,joy,0.5977038145065308
1488,neutral,0.5942515134811401
8316,sadness,0.9078459143638611
2707,neutral,0.683999240398407
1595,sadness,0.7601694464683533
9277,disgust,0.8163531422615051
2377,disgust,0.6987003684043884
5140,disgust,0.4712054133415222
6147,disgust,0.5062347054481506
8241,disgust,0.6893792748451233
3948,fear,0.7504357099533081
3933,disgust,0.7808510065078735
4797,fear,0.7929635643959045
4372,fear,0.6890228986740112
9862,sadness,0.9381603598594666
8242,joy,0.9045582413673401
3448,neutral,0.7013011574745178
2943,neutral,0.7595452070236206
2465,disgust,0.5546640753746033
8582,joy,0.4155902564525604
5506,neutral,0.7691344022750854
2698,neutral,0.589755117893219
2447,surprise,0.8852121829986572
19,neutral,0.6915416717529297
2748,neutral,0.3867766261100769
5399,neutral,0.4857584834098816
8078,neutral,0.4502542316913605
6871,disgust,0.29521265625953674
4708,sadness,0.690299928188324
9476,sadness,0.8904687166213989
809,disgust,0.9048676490783691
7477,sadness,0.896882951259613
2273,disgust,0.7354122400283813
1923,fear,0.5989207029342651
1470,disgust,0.8297916650772095
7934,disgust,0.9706692099571228
7407,neutral,0.7824505567550659
2406,disgust,0.6014973521232605
1142,surprise,0.9646016359329224
1747,neutral,0.3951248526573181
5709,joy,0.9040813446044922
4975,neutral,0.47664451599121094
7300,surprise,0.927729606628418
8148,joy,0.5868873000144958
2833,fear,0.8243334889411926
3131,neutral,0.49575915932655334
1310,joy,0.8573402762413025
8650,neutral,0.8016509413719177
6774,neutral,0.525836706161499
6756,neutral,0.7684519290924072
620,surprise,0.4152812957763672
2701,fear,0.5572698712348938
2199,neutral,0.7626081705093384
6196,joy,0.7205504179000854
8824,disgust,0.41829484701156616
1046,sadness,0.8296041488647461
5768,joy,0.37363889813423157
9947,joy,0.9464493989944458
9019,surprise,0.9023619890213013
743,sadness,0.5404716730117798
222,sadness,0.48927634954452515
3149,joy,0.8078485727310181
625,anger,0.9627403616905212
9334,joy,0.5136922597885132
7566,joy,0.9510496854782104
4582,joy,0.5655070543289185
5711,neutral,0.4783203899860382
3284,neutral,0.47997844219207764
7585,neutral,0.8027982115745544
9646,neutral,0.453189879655838
1530,joy,0.736382246017456
9685,anger,0.46155744791030884
353,fear,0.7024847865104675
2474,fear,0.4043920338153839
8013,neutral,0.4947376251220703
6475,disgust,0.7153457999229431
6449,disgust,0.7929784059524536
239,anger,0.4604155719280243
2625,surprise,0.4979154169559479
9786,sadness,0.801990807056427
7198,disgust,0.611741840839386
7692,neutral,0.3429453372955322
2997,neutral,0.7287562489509583
6440,disgust,0.8032474517822266
4562,joy,0.47291430830955505
8614,joy,0.5876350402832031
1479,joy,0.8931593298912048
1018,fear,0.6369348168373108
3094,fear,0.9894492626190186
6182,sadness,0.6818680167198181
4960,sadness,0.7707740068435669
8492,sadness,0.7000178694725037
1103,disgust,0.9279415011405945
6081,disgust,0.8330093026161194
9525,sadness,0.430337131023407
5190,sadness,0.4232223331928253
4181,sadness,0.8332023024559021
4467,disgust,0.6005050539970398
1626,fear,0.8493914008140564
6717,disgust,0.8213793039321899
3798,sadness,0.444995254278183
3053,joy,0.4652687609195709
2867,surprise,0.6292935609817505
1432,sadness,0.661871075630188
7983,surprise,0.5916752219200134
9346,disgust,0.802598237991333
9419,fear,0.9489406943321228
4076,disgust,0.5774344801902771
217,sadness,0.8153670430183411
3555,neutral,0.5000230073928833
7936,surprise,0.8881591558456421
8421,sadness,0.3643162250518799
1034,fear,0.9579097032546997
3773,neutral,0.6467971205711365
4132,fear,0.6588084697723389
2335,disgust,0.4932175278663635
6492,disgust,0.5022335052490234
1482,neutral,0.6320205926895142
906,joy,0.940350353717804
6088,disgust,0.796927809715271
6466,disgust,0.37109705805778503
5676,disgust,0.5063843727111816
2770,neutral,0.4971824884414673
1805,joy,0.49069738388061523
7374,disgust,0.9156810641288757
2114,neutral,0.29839321970939636
4534,sadness,0.6536694169044495
2531,surprise,0.7980378866195679
8525,disgust,0.6822837591171265
3470,disgust,0.9190576672554016
1402,fear,0.6434769630432129
852,disgust,0.7773253321647644
3082,neutral,0.895973265171051
8024,disgust,0.5168203115463257
7565,sadness,0.7735235691070557
5529,neutral,0.680814266204834
7854,surprise,0.3756987750530243
4932,neutral,0.6274273991584778
5159,surprise,0.495588481426239
9715,disgust,0.6211938858032227
3846,disgust,0.83309406042099
6483,fear,0.8113602995872498
747,disgust,0.5685179233551025
3034,disgust,0.9324348568916321
347,disgust,0.6508558392524719
3351,neutral,0.5743025541305542
2864,disgust,0.39622819423675537
2167,neutral,0.44310319423675537
6954,neutral,0.899480402469635
6209,disgust,0.3144895136356354
2777,surprise,0.9525718688964844
1441,neutral,0.761256754398346
5657,anger,0.24543032050132751
9657,neutral,0.7202383875846863
3027,neutral,0.7051579356193542
6117,disgust,0.9489876627922058
2483,sadness,0.4191332459449768
2882,surprise,0.5495240688323975
5561,sadness,0.4568823277950287
763,neutral,0.4829455018043518
6481,fear,0.901502788066864
1616,fear,0.8747192025184631
1222,neutral,0.8177255392074585
8664,disgust,0.8643350601196289
6221,disgust,0.6080268025398254
1576,disgust,0.629336416721344
9391,disgust,0.7147834300994873
6350,surprise,0.35572195053100586
3782,fear,0.29706841707229614
4374,neutral,0.3108407258987427
708,neutral,0.5187054872512817
509,disgust,0.8647329807281494
2954,sadness,0.8741608262062073
7537,sadness,0.5202423930168152
6338,surprise,0.47561725974082947
8922,sadness,0.3390919268131256
7063,sadness,0.8857777714729309
7162,disgust,0.6232743859291077
7371,surprise,0.704236626625061
6828,disgust,0.632510244846344
3615,sadness,0.3903597891330719
4656,neutral,0.4116193354129791
6975,disgust,0.5838702321052551
4350,joy,0.9595394730567932
711,sadness,0.6535670757293701
6478,disgust,0.5357708930969238
9129,fear,0.9598066210746765
8204,surprise,0.4968113601207733
9203,joy,0.9367641806602478
712,disgust,0.46281397342681885
9112,neutral,0.6126030087471008
1245,sadness,0.4372778832912445
9785,joy,0.5102128386497498
6848,sadness,0.7874922156333923
5133,neutral,0.7912846803665161
715,neutral,0.5959991812705994
3463,fear,0.7523772716522217
4394,neutral,0.546464741230011
4568,neutral,0.6248738765716553
8803,disgust,0.6851782202720642
8489,disgust,0.8766812682151794
7701,joy,0.9262938499450684
212,neutral,0.8710276484489441
9767,fear,0.9544692635536194
6838,joy,0.7748699188232422
1010,neutral,0.7779102325439453
323,disgust,0.5314993858337402
5396,neutral,0.6336452960968018
5990,sadness,0.3177569806575775
3172,joy,0.8775749206542969
334,joy,0.8754693269729614
8305,disgust,0.8159769773483276
2210,neutral,0.5390158891677856
4271,anger,0.9792165160179138
6740,surprise,0.4525131285190582
233,joy,0.9304623007774353
5950,disgust,0.47357359528541565
5737,joy,0.8347947001457214
7921,neutral,0.43602412939071655
2348,joy,0.49558401107788086
2036,fear,0.42022672295570374
7484,fear,0.6063782572746277
6006,fear,0.8571929931640625
4553,surprise,0.9761672019958496
8072,disgust,0.8860172033309937
1458,surprise,0.47048497200012207
3288,neutral,0.3308793604373932
3064,fear,0.6134235858917236
9436,disgust,0.9135957360267639
774,sadness,0.7438960075378418
6832,disgust,0.8750378489494324
871,fear,0.7925607562065125
8749,disgust,0.9805223345756531
1263,joy,0.7438463568687439
4833,joy,0.8492484092712402
3894,joy,0.6919951438903809
6323,disgust,0.7293247580528259
9212,disgust,0.5666198134422302
7019,joy,0.44732487201690674
1220,anger,0.4449308216571808
1446,surprise,0.3971165418624878
3184,surprise,0.633529782295227
408,fear,0.6953568458557129
4344,disgust,0.7116885185241699
3021,fear,0.8743464946746826
2303,disgust,0.39242467284202576
6271,joy,0.6713178157806396
8280,disgust,0.6454353928565979
6641,neutral,0.44776999950408936
6955,disgust,0.7069591879844666
2109,disgust,0.49498769640922546
5351,disgust,0.3439825773239136
9683,neutral,0.3701155185699463
8343,surprise,0.9128264784812927
4549,joy,0.9341213703155518
1880,fear,0.8022873997688293
5945,anger,0.8936207890510559
1737,disgust,0.7823001146316528
7793,neutral,0.45201030373573303
5212,surprise,0.4376048147678375
3208,joy,0.8066160678863525
7082,disgust,0.7808975577354431
2055,disgust,0.30099350214004517
1688,joy,0.4159626066684723
4779,sadness,0.5936744809150696
7475,disgust,0.9474994540214539
7876,disgust,0.9220232367515564
6749,joy,0.38474041223526
8555,fear,0.89925616979599
8122,neutral,0.49826523661613464
6990,sadness,0.6843481063842773
8266,disgust,0.6836673617362976
8539,disgust,0.7644691467285156
3392,anger,0.5815830826759338
6325,disgust,0.5930382013320923
3528,joy,0.7155382037162781
4604,disgust,0.9486835598945618
7023,neutral,0.44504618644714355
6321,neutral,0.6000452637672424
745,disgust,0.724648118019104
710,disgust,0.9239932894706726
379,disgust,0.4155864715576172
8782,surprise,0.9490551948547363
3011,sadness,0.925209105014801
8858,neutral,0.5382205247879028
7152,joy,0.5374660491943359
8566,neutral,0.4635303020477295
3497,disgust,0.8486798405647278
3889,disgust,0.4813874661922455
4484,fear,0.5144875645637512
4011,neutral,0.3409310579299927
2619,neutral,0.8809615969657898
6670,disgust,0.8952412009239197
6512,joy,0.8509255647659302
3467,surprise,0.8804164528846741
1313,neutral,0.4821924865245819
8605,sadness,0.8411669135093689
2069,joy,0.8048214316368103
2982,neutral,0.6009027361869812
5914,joy,0.9016150832176208
9170,neutral,0.8240055441856384
1285,surprise,0.3201654553413391
8990,fear,0.597525954246521
8429,joy,0.4688984453678131
1349,neutral,0.4829122722148895
2611,surprise,0.3081290125846863
9494,neutral,0.6978198289871216
3668,disgust,0.8076440691947937
2221,sadness,0.3842228353023529
427,neutral,0.6665439009666443
653,sadness,0.7989075183868408
9913,surprise,0.3412066102027893
3535,neutral,0.7818108201026917
7736,neutral,0.6811397075653076
3245,disgust,0.40755778551101685
4740,fear,0.48340171575546265
9068,disgust,0.7865088582038879
4099,disgust,0.4703424274921417
4100,neutral,0.522509753704071
6959,disgust,0.5197471380233765
611,fear,0.6393163800239563
4288,disgust,0.7538473010063171
8570,disgust,0.9256032705307007
9712,joy,0.5708264112472534
1543,fear,0.950095534324646
9535,disgust,0.5130729079246521
3853,disgust,0.9025747179985046
554,sadness,0.6557325124740601
6365,joy,0.7664793729782104
511,disgust,0.9580919146537781
3206,fear,0.9109135270118713
8084,disgust,0.8600077033042908
967,disgust,0.3063901364803314
6043,neutral,0.5493945479393005
6879,fear,0.8831104636192322
6775,disgust,0.9310964345932007
3295,sadness,0.8552978038787842
8701,neutral,0.41003379225730896
3429,neutral,0.6628723740577698
8870,surprise,0.9690792560577393
6962,joy,0.927985668182373
2088,disgust,0.34088432788848877
8499,neutral,0.3793914020061493
6162,disgust,0.5776199698448181
3210,neutral,0.6980462074279785
9200,fear,0.7646104693412781
6605,neutral,0.4995875060558319
1109,fear,0.9791371822357178
5728,fear,0.48021137714385986
7829,fear,0.9691099524497986
1038,neutral,0.9354302287101746
1194,neutral,0.4173000752925873
4474,disgust,0.41680726408958435
9874,sadness,0.9584846496582031
2122,neutral,0.49829110503196716
4982,disgust,0.6042110323905945
8973,neutral,0.6083264946937561
5700,disgust,0.8766106963157654
934,disgust,0.7736033797264099
6101,disgust,0.6433132886886597
4689,joy,0.9548515677452087
394,disgust,0.965609073638916
4685,neutral,0.49630624055862427
8776,anger,0.5940861701965332
9165,sadness,0.8078877329826355
5980,disgust,0.5481765270233154
9942,disgust,0.9039046168327332
2191,neutral,0.8417291641235352
1297,anger,0.283168226480484
5044,joy,0.6442996263504028
1162,neutral,0.35483813285827637
4254,neutral,0.42204082012176514
6372,disgust,0.5281803607940674
1527,neutral,0.6164171099662781
4342,fear,0.43764710426330566
2030,disgust,0.5197411775588989
3060,neutral,0.4918448030948639
58,disgust,0.4520980417728424
2405,disgust,0.825129508972168
5006,surprise,0.31135693192481995
6157,anger,0.5053327679634094
7375,surprise,0.3391343653202057
4506,neutral,0.393779993057251
5214,sadness,0.8855890035629272
6029,disgust,0.9385233521461487
1780,joy,0.679766058921814
5447,disgust,0.7701008319854736
4606,neutral,0.3659266233444214
6914,joy,0.3905559778213501
676,fear,0.3536812663078308
3582,neutral,0.5763412117958069
3653,disgust,0.917697548866272
7920,neutral,0.45962682366371155
9499,surprise,0.7030624747276306
2732,fear,0.9121568202972412
4787,neutral,0.5409281253814697
2754,fear,0.7053894400596619
2337,disgust,0.4649701714515686
3643,neutral,0.4122934341430664
7737,disgust,0.64200758934021
5516,neutral,0.5020223259925842
5246,neutral,0.8359695076942444
866,disgust,0.723676323890686
4447,disgust,0.6380630135536194
5071,sadness,0.2737070918083191
4881,surprise,0.4919586181640625
9510,neutral,0.6523723006248474
3002,neutral,0.6199584603309631
2225,neutral,0.6067285537719727
9056,neutral,0.7066153287887573
4826,disgust,0.8829711079597473
7621,fear,0.7658824920654297
9689,disgust,0.9167154431343079
5500,neutral,0.44399574398994446
9700,sadness,0.7493429183959961
8478,disgust,0.8720645904541016
5502,disgust,0.5158917307853699
1210,surprise,0.4892745912075043
9083,joy,0.6361479759216309
2288,fear,0.8990652561187744
2183,neutral,0.4946249723434448
2862,neutral,0.5215464234352112
6861,disgust,0.5311803817749023
2362,neutral,0.41556844115257263
8463,disgust,0.4886787235736847
6332,neutral,0.8364529013633728
4064,surprise,0.8087064027786255
9546,fear,0.5237104296684265
617,disgust,0.5608504414558411
3281,disgust,0.8462685942649841
5226,joy,0.8481179475784302
3397,joy,0.9733549952507019
3065,fear,0.30979248881340027
766,neutral,0.6663492321968079
7078,fear,0.7429404854774475
5279,neutral,0.45919060707092285
4149,sadness,0.9253811836242676
1144,fear,0.8629015684127808
4248,disgust,0.5967678427696228
4110,sadness,0.9321780800819397
462,fear,0.9089364409446716
2932,disgust,0.9469700455665588
4623,neutral,0.7079652547836304
3813,sadness,0.7650582194328308
6308,surprise,0.9033858776092529
4341,disgust,0.6038559675216675
5300,disgust,0.8664333820343018
6804,neutral,0.9049604535102844
3282,fear,0.8239349722862244
2574,joy,0.8881096839904785
7961,fear,0.3912501633167267
7879,neutral,0.5356329679489136
828,disgust,0.6634041666984558
6486,neutral,0.6906771659851074
7599,neutral,0.7996792197227478
2540,fear,0.46830108761787415
5746,sadness,0.8221886157989502
8526,disgust,0.9881725907325745
9566,sadness,0.7097895741462708
3742,joy,0.802119255065918
7498,disgust,0.7240120768547058
3524,disgust,0.6380273103713989
20,neutral,0.34140124917030334
1915,disgust,0.9493049383163452
6571,neutral,0.7358578443527222
9018,joy,0.2793196141719818
2012,fear,0.9471883773803711
5405,sadness,0.8664852380752563
1295,sadness,0.7976531386375427
3745,disgust,0.6847510933876038
591,fear,0.7063841819763184
1406,neutral,0.4045659303665161
221,surprise,0.6364596486091614
5617,joy,0.9394295811653137
6248,neutral,0.3973253667354584
4418,disgust,0.314274400472641
858,joy,0.652840793132782
1783,anger,0.9635319113731384
7259,neutral,0.4448908865451813
6856,neutral,0.40761756896972656
1954,joy,0.44618716835975647
1746,joy,0.6228658556938171
3132,neutral,0.3633654713630676
8036,fear,0.8548668026924133
8850,disgust,0.6305229067802429
994,disgust,0.6386933326721191
6108,sadness,0.5473323464393616
730,surprise,0.8089238405227661
6974,anger,0.23305551707744598
6273,joy,0.8094782829284668
6751,surprise,0.9066594243049622
3509,fear,0.7468166947364807
3533,joy,0.9342543482780457
2513,neutral,0.7593876123428345
5436,neutral,0.7065723538398743
3625,disgust,0.4655032455921173
465,disgust,0.906987726688385
6755,disgust,0.5497665405273438
6759,disgust,0.6963229775428772
7991,disgust,0.866115927696228
157,neutral,0.3766065835952759
3960,disgust,0.6014686822891235
8832,neutral,0.5020064115524292
5470,joy,0.5789402723312378
185,neutral,0.6549346446990967
1002,neutral,0.7875469923019409
9508,disgust,0.8583792448043823
5623,neutral,0.42623430490493774
400,disgust,0.8937891721725464
6240,joy,0.9758548140525818
8940,disgust,0.9098019003868103
9932,disgust,0.2814617455005646
7342,fear,0.3847515881061554
9832,sadness,0.6697691082954407
8466,anger,0.502905011177063
8756,joy,0.5644934177398682
7958,disgust,0.6815179586410522
1250,disgust,0.6005508303642273
3143,neutral,0.7951008081436157
7430,sadness,0.7280264496803284
59,surprise,0.9325103163719177
7855,fear,0.802493155002594
1113,disgust,0.9551862478256226
3057,disgust,0.6070640683174133
9569,neutral,0.7019805312156677
1328,disgust,0.9737768173217773
4995,joy,0.9030674695968628
6682,disgust,0.5735664367675781
2072,joy,0.49310189485549927
4793,joy,0.800147294998169
6829,surprise,0.4559885561466217
9629,neutral,0.4532729387283325
8218,disgust,0.7608217597007751
7567,neutral,0.4860844910144806
5922,sadness,0.7054634690284729
1550,fear,0.6263979077339172
1009,neutral,0.4907425045967102
3755,sadness,0.809422492980957
8681,disgust,0.8428329825401306
9342,neutral,0.8840305805206299
8009,neutral,0.808107852935791
3860,joy,0.5045472979545593
3148,disgust,0.8313153386116028
2519,fear,0.6893196105957031
3127,disgust,0.9647523760795593
9084,joy,0.4993458688259125
5316,sadness,0.587942361831665
1195,neutral,0.7765812277793884
9050,joy,0.8010532259941101
879,disgust,0.6497034430503845
6989,fear,0.8755810260772705
2487,neutral,0.8061334490776062
2840,surprise,0.9389767646789551
4329,disgust,0.4557822644710541
2930,neutral,0.9229488968849182
6424,surprise,0.811688244342804
2485,joy,0.43278631567955017
5747,fear,0.6950398087501526
883,neutral,0.6470198035240173
4914,fear,0.4683912396430969
6210,sadness,0.8889371156692505
9578,neutral,0.5380210280418396
211,neutral,0.3492172956466675
2275,disgust,0.3806224763393402
2328,anger,0.891708254814148
4950,disgust,0.7450894117355347
3319,fear,0.599597156047821
9834,disgust,0.8217283487319946
4607,neutral,0.4727230668067932
1438,disgust,0.7805019021034241
467,disgust,0.8449146151542664
5466,disgust,0.9269904494285583
3329,disgust,0.5818220376968384
5828,joy,0.24301303923130035
8607,fear,0.6278814673423767
696,neutral,0.3440050780773163
7267,disgust,0.835134744644165
9144,joy,0.9561843276023865
8180,neutral,0.6507871747016907
9938,neutral,0.5675145387649536
1314,neutral,0.6081995964050293
2301,disgust,0.4554639160633087
2039,sadness,0.9401166439056396
7108,fear,0.44984737038612366
3666,sadness,0.44036856293678284
914,joy,0.4925764799118042
12,disgust,0.7309210896492004
8583,joy,0.9141222238540649
6427,neutral,0.6783177256584167
1536,surprise,0.9475989937782288
736,neutral,0.8307957053184509
8201,anger,0.42531272768974304
8652,joy,0.8293092846870422
453,sadness,0.9111529588699341
4345,sadness,0.7941853404045105
927,disgust,0.46799707412719727
6291,neutral,0.5783802270889282
8281,surprise,0.7982027530670166
8722,fear,0.8512009382247925
6473,sadness,0.8302417397499084
37,neutral,0.362832248210907
5770,joy,0.4460456371307373
2554,disgust,0.9492599964141846
7632,fear,0.6749570369720459
9998,anger,0.8654179573059082
6620,surprise,0.8506403565406799
940,neutral,0.8708434700965881
7398,sadness,0.5106680393218994
6128,fear,0.9757437705993652
9829,joy,0.7997889518737793
2680,neutral,0.6369465589523315
4354,surprise,0.30318889021873474
3058,disgust,0.46554574370384216
7880,surprise,0.865829586982727
738,joy,0.8805624842643738
538,neutral,0.37708181142807007
3325,joy,0.7573471069335938
4239,anger,0.43182680010795593
1400,surprise,0.8813855648040771
4046,disgust,0.6003789901733398
5137,joy,0.7542681097984314
4229,sadness,0.5985442996025085
4191,neutral,0.7700538635253906
9142,disgust,0.9547631144523621
5538,surprise,0.674922525882721
2692,sadness,0.2880924642086029
5340,fear,0.8528265357017517
9917,joy,0.35487958788871765
7670,fear,0.934934675693512
9173,disgust,0.9172988533973694
1807,disgust,0.5462775230407715
5111,disgust,0.7905840277671814
3989,surprise,0.5005107522010803
3455,neutral,0.36942702531814575
2907,anger,0.44042104482650757
6651,sadness,0.5394056439399719
8287,fear,0.35336610674858093
6244,joy,0.6969776153564453
2697,disgust,0.5031177997589111
4016,neutral,0.5946884155273438
4339,disgust,0.8121719360351562
4645,neutral,0.516768753528595
7739,surprise,0.819431722164154
7091,disgust,0.6689169406890869
4692,surprise,0.9673516154289246
1739,joy,0.8326101303100586
5406,surprise,0.7102265954017639
4588,fear,0.9001564979553223
3125,disgust,0.468962699174881
2157,fear,0.3328172564506531
5333,surprise,0.5212731957435608
8636,disgust,0.6503188014030457
1825,disgust,0.291680246591568
4230,fear,0.7434648275375366
3487,surprise,0.8597387075424194
9053,neutral,0.3789248466491699
9768,joy,0.6991257071495056
3647,sadness,0.5088111758232117
5902,neutral,0.777335524559021
6385,disgust,0.30910155177116394
5638,sadness,0.5266947150230408
6423,disgust,0.2930198609828949
7826,disgust,0.8265413641929626
7743,surprise,0.5629971623420715
3012,joy,0.7878937721252441
7671,sadness,0.3307850658893585
9548,disgust,0.7927472591400146
9977,joy,0.45560720562934875
3080,anger,0.7390633225440979
3520,disgust,0.9703376889228821
4978,neutral,0.5558894276618958
7619,neutral,0.3675994873046875
4347,neutral,0.8768534660339355
8440,sadness,0.5111356973648071
1346,surprise,0.6790062785148621
7087,disgust,0.2728336751461029
8947,neutral,0.5001312494277954
5651,disgust,0.8700128197669983
8081,joy,0.4326867163181305
1791,disgust,0.9770451784133911
7428,joy,0.484178364276886
9579,joy,0.5926569700241089
9959,joy,0.9429239630699158
2270,disgust,0.5171933174133301
9766,joy,0.6674575209617615
2955,disgust,0.5452438592910767
3443,fear,0.964610755443573
7735,fear,0.6139349937438965
833,disgust,0.4510863423347473
6498,fear,0.6324663758277893
2991,fear,0.45005279779434204
7792,disgust,0.6971566677093506
2150,sadness,0.8420462012290955
4022,neutral,0.7327871918678284
7614,fear,0.7888699769973755
6123,disgust,0.9080373644828796
3338,disgust,0.46270033717155457
4343,anger,0.26190316677093506
4463,sadness,0.6406913995742798
2375,neutral,0.85450679063797
9043,disgust,0.7359610795974731
5570,neutral,0.6808739304542542
8598,fear,0.8519597053527832
8503,neutral,0.6437593102455139
8879,joy,0.47904759645462036
1886,disgust,0.9113048911094666
1197,disgust,0.5924636721611023
6426,joy,0.9300922751426697
8910,neutral,0.4756256639957428
2935,sadness,0.4197886884212494
6341,neutral,0.6434177160263062
1429,surprise,0.8309916257858276
6306,joy,0.28018563985824585
3649,surprise,0.8001431822776794
1937,surprise,0.6263885498046875
5171,sadness,0.9141152501106262
7763,sadness,0.357075572013855
6392,sadness,0.29893338680267334
1153,anger,0.7453528642654419
6249,neutral,0.5413780808448792
7036,sadness,0.5588729381561279
4228,fear,0.8967414498329163
4974,joy,0.9271432161331177
6400,neutral,0.5037097334861755
3639,sadness,0.9631589651107788
3971,neutral,0.8793707489967346
9593,anger,0.6300703287124634
3375,joy,0.7698927521705627
2486,sadness,0.7120328545570374
6953,sadness,0.5342239737510681
605,fear,0.927959680557251
7443,neutral,0.5302413702011108
5927,neutral,0.5141384601593018
2453,disgust,0.7210003137588501
3608,sadness,0.4974079430103302
1483,disgust,0.9549775719642639
4518,surprise,0.6898748278617859
3037,neutral,0.48686668276786804
9351,disgust,0.4009469747543335
7691,joy,0.6113485097885132
4115,anger,0.5209760665893555
1426,disgust,0.4279516339302063
496,disgust,0.9125348329544067
3352,neutral,0.6486808061599731
8793,disgust,0.7942425012588501
758,neutral,0.34751588106155396
837,disgust,0.7132343053817749
4326,sadness,0.3502505123615265
2127,sadness,0.8977177143096924
1022,disgust,0.47731029987335205
8761,disgust,0.7979010939598083
5613,disgust,0.7647671699523926
5580,disgust,0.8028629422187805
1057,disgust,0.4563879668712616
9541,joy,0.8784831166267395
6855,sadness,0.4270881712436676
7348,joy,0.7372547388076782
9044,disgust,0.8198067545890808
2128,neutral,0.7977185249328613
2766,surprise,0.8387558460235596
2108,disgust,0.9407373666763306
3616,joy,0.8715091943740845
1544,sadness,0.3976130783557892
6913,neutral,0.51893550157547
1718,disgust,0.5048317909240723
7434,sadness,0.4663846492767334
7364,disgust,0.6600891947746277
6234,disgust,0.3298943340778351
724,disgust,0.5393828749656677
6672,joy,0.51042640209198
8028,joy,0.8522517085075378
5491,disgust,0.9346632957458496
1127,neutral,0.6826434135437012
2956,fear,0.37014326453208923
5155,joy,0.8122828006744385
4816,neutral,0.795265257358551
6201,joy,0.7066230177879333
6223,disgust,0.8004559874534607
8685,disgust,0.8895968198776245
7113,neutral,0.5084085464477539
5274,sadness,0.74089515209198
8535,surprise,0.8931811451911926
3043,sadness,0.8131691217422485
6911,joy,0.938842236995697
149,anger,0.5041245222091675
7573,joy,0.7323243021965027
4205,neutral,0.7220413684844971
5492,sadness,0.8595153093338013
2689,disgust,0.5849460959434509
4220,disgust,0.536055326461792
9101,neutral,0.6293378472328186
841,disgust,0.7374780178070068
8136,sadness,0.5218750238418579
6437,fear,0.6683704257011414
9699,surprise,0.3969440460205078
6199,neutral,0.8221784830093384
2794,disgust,0.9175402522087097
7625,joy,0.9041810035705566
8474,disgust,0.831730842590332
7889,neutral,0.4322262108325958
6607,neutral,0.3815003037452698
9194,neutral,0.5734508633613586
8247,neutral,0.5090200901031494
1392,surprise,0.977209746837616
1921,sadness,0.41595470905303955
7018,neutral,0.6984823942184448
3621,joy,0.6756947636604309
4848,disgust,0.7061306834220886
2291,joy,0.6804866790771484
2133,neutral,0.520480215549469
550,sadness,0.42268553376197815
1740,disgust,0.465983510017395
5289,sadness,0.694347620010376
1817,anger,0.7022316455841064
4698,neutral,0.635647177696228
5181,neutral,0.46442532539367676
3018,neutral,0.8357422351837158
17,disgust,0.9880968332290649
1770,neutral,0.3648039996623993
1888,joy,0.9014920592308044
2152,anger,0.5315452814102173
1642,joy,0.4234001934528351
7846,sadness,0.2896764278411865
4193,fear,0.7865874171257019
9432,neutral,0.5239349603652954
8898,disgust,0.6340234875679016
533,neutral,0.4385027289390564
132,neutral,0.6824092864990234
7722,fear,0.8944283127784729
8458,fear,0.39034560322761536
964,neutral,0.6974426507949829
8719,disgust,0.8183982372283936
6412,fear,0.823319673538208
8285,anger,0.4208802878856659
7853,anger,0.677614688873291
1095,fear,0.5814211964607239
6929,neutral,0.45635175704956055
9254,neutral,0.347890168428421
1561,sadness,0.7255880832672119
1670,disgust,0.6138597726821899
6087,neutral,0.39489784836769104
6669,disgust,0.7762312889099121
5933,sadness,0.4615803062915802
8829,fear,0.963840901851654
7945,sadness,0.39477694034576416
3508,neutral,0.5276867151260376
2002,disgust,0.683341920375824
5866,disgust,0.6996703743934631
168,sadness,0.5430142283439636
2588,joy,0.8171516060829163
5905,disgust,0.5328764319419861
9529,surprise,0.463028222322464
6384,neutral,0.6324492692947388
7824,fear,0.9479755163192749
9779,disgust,0.8802531361579895
4629,surprise,0.26916369795799255
8560,sadness,0.43783149123191833
9291,disgust,0.5678631663322449
6874,anger,0.905648946762085
6521,fear,0.33645468950271606
8979,disgust,0.7447630167007446
6647,surprise,0.8856835961341858
9825,joy,0.8635450005531311
210,disgust,0.4093414545059204
5278,neutral,0.45397719740867615
1919,sadness,0.4073237180709839
718,disgust,0.8074067234992981
4868,disgust,0.5938974022865295
7834,sadness,0.7969530820846558
1298,joy,0.9410955905914307
9193,disgust,0.891913890838623
4617,anger,0.4966782033443451
3128,neutral,0.44296982884407043
9795,joy,0.5771477818489075
3979,disgust,0.5139063596725464
9924,neutral,0.8392255306243896
8317,joy,0.3999241888523102
4393,disgust,0.6668481826782227
1287,neutral,0.7052971720695496
4355,surprise,0.3244393765926361
7013,joy,0.860003650188446
3885,disgust,0.5842295289039612
5749,disgust,0.364279568195343
9169,neutral,0.4905398488044739
2407,disgust,0.3692011535167694
2013,fear,0.4366605579853058
5153,fear,0.6922087073326111
8551,disgust,0.8799394369125366
4376,joy,0.7184489965438843
8822,sadness,0.8623613715171814
4273,neutral,0.8089120984077454
5825,fear,0.3628790080547333
6699,fear,0.49133598804473877
7243,disgust,0.3577677011489868
449,neutral,0.6574503183364868
2227,neutral,0.6531469821929932
5756,surprise,0.9687743186950684
810,disgust,0.8009701371192932
4180,neutral,0.7869930863380432
9000,neutral,0.8082364797592163
5438,neutral,0.4838021695613861
7533,disgust,0.37473055720329285
6369,neutral,0.5397504568099976
8416,fear,0.4503537714481354
1477,neutral,0.6677384376525879
1790,joy,0.8483415842056274
2008,disgust,0.466779887676239
682,neutral,0.4831088185310364
2816,neutral,0.7472788691520691
9431,neutral,0.33643999695777893
3774,surprise,0.76116943359375
6495,anger,0.3920319974422455
8878,neutral,0.48192542791366577
7361,fear,0.7688140869140625
8366,neutral,0.8381326198577881
7474,surprise,0.5520972013473511
46,surprise,0.7431060671806335
30,disgust,0.48668065667152405
8250,disgust,0.5032036304473877
6935,fear,0.7514449954032898
1468,neutral,0.7118285894393921
1665,disgust,0.9759871959686279
1416,neutral,0.43008145689964294
6480,surprise,0.254791259765625
4852,neutral,0.34413832426071167
2470,surprise,0.3905351459980011
4373,neutral,0.5071961879730225
8524,disgust,0.9873111248016357
429,neutral,0.7210245728492737
5244,neutral,0.5086684823036194
2119,disgust,0.7102702856063843
385,joy,0.8818199634552002
1945,neutral,0.8920180201530457
4224,joy,0.7496861815452576
473,sadness,0.5245141983032227
2129,joy,0.7212247848510742
6556,disgust,0.5239474773406982
6998,disgust,0.7379063367843628
1055,disgust,0.6322953701019287
3274,neutral,0.6170040965080261
4961,neutral,0.6964101195335388
5363,surprise,0.9415774941444397
5816,surprise,0.9530988335609436
811,neutral,0.8417611718177795
4573,sadness,0.2871747314929962
6137,disgust,0.9483559131622314
2388,neutral,0.6311900019645691
9648,sadness,0.9646852612495422
6225,sadness,0.7899710536003113
111,disgust,0.7309266924858093
8909,disgust,0.757409930229187
1745,sadness,0.4226759076118469
7851,fear,0.5035069584846497
1452,fear,0.8663150072097778
319,disgust,0.6683781147003174
8593,fear,0.8568759560585022
3333,anger,0.4662242531776428
1922,sadness,0.5330630540847778
5865,disgust,0.8503766059875488
9528,disgust,0.9120549559593201
3685,anger,0.5380306243896484
4275,neutral,0.4348272383213043
4889,joy,0.7375041842460632
5225,disgust,0.6604432463645935
7472,surprise,0.6590741872787476
3605,disgust,0.7384891510009766
1052,disgust,0.7252249121665955
4156,neutral,0.4591237008571625
9676,fear,0.8875527381896973
99,sadness,0.9360072016716003
7508,neutral,0.9279330968856812
1456,disgust,0.3469085693359375
7688,neutral,0.327602744102478
4004,disgust,0.9453014731407166
6866,neutral,0.47783753275871277
4509,neutral,0.5601996779441833
3299,disgust,0.8873431086540222
3799,sadness,0.521981954574585
4281,joy,0.9338549375534058
9051,neutral,0.4878738224506378
6462,disgust,0.6975794434547424
7912,neutral,0.7723797559738159
1414,neutral,0.7556692361831665
540,disgust,0.4310322701931
5815,disgust,0.3718279004096985
8199,neutral,0.7984827160835266
3680,fear,0.916530430316925
754,surprise,0.6473257541656494
4196,fear,0.7860772013664246
2650,joy,0.7890306115150452
4522,joy,0.9426480531692505
9519,joy,0.618023693561554
3118,surprise,0.9565603733062744
3728,disgust,0.49260443449020386
3886,joy,0.3973654806613922
7107,disgust,0.6560889482498169
8068,sadness,0.9024779796600342
7325,sadness,0.974245548248291
8483,sadness,0.5112799406051636
8767,neutral,0.7520434856414795
6500,sadness,0.9151192307472229
8426,surprise,0.3288678824901581
7963,disgust,0.427425354719162
601,joy,0.9168524742126465
9249,fear,0.7630500197410583
8919,anger,0.6919866800308228
6814,joy,0.8908044099807739
5411,disgust,0.7163539528846741
8747,joy,0.5204047560691833
5522,disgust,0.574505627155304
1044,sadness,0.7699635624885559
7334,sadness,0.3365772068500519
1557,fear,0.7631081938743591
3739,neutral,0.8890681862831116
3522,joy,0.7307870388031006
180,disgust,0.6095753908157349
2115,neutral,0.49155718088150024
1699,sadness,0.7326691746711731
1379,fear,0.4953750669956207
7229,disgust,0.7097530364990234
9143,neutral,0.4690023958683014
618,joy,0.47086188197135925
3181,anger,0.6014593243598938
9851,joy,0.8084662556648254
1600,neutral,0.3781120479106903
5963,surprise,0.5405803918838501
1615,disgust,0.7503321766853333
5920,sadness,0.8198827505111694
9591,neutral,0.7172017693519592
3891,anger,0.8727051019668579
2083,neutral,0.6062975525856018
4574,disgust,0.7809320688247681
5594,surprise,0.911543071269989
5121,joy,0.7365008592605591
4587,disgust,0.7913678884506226
4902,surprise,0.5170111060142517
8252,disgust,0.8716011643409729
5916,anger,0.3778701722621918
5129,neutral,0.487628698348999
8334,joy,0.7689838409423828
1918,fear,0.4048904478549957
8330,fear,0.6918727159500122
5707,surprise,0.5587558150291443
5384,sadness,0.505871593952179
6336,disgust,0.59523606300354
2054,neutral,0.6519793272018433
7612,surprise,0.7842321395874023
9209,sadness,0.7255148887634277
3963,fear,0.525085985660553
1126,neutral,0.604678213596344
3428,disgust,0.7073252201080322
4601,surprise,0.5660297274589539
3721,sadness,0.3753851354122162
2389,neutral,0.6503900289535522
1322,disgust,0.6882925033569336
1603,anger,0.7461230754852295
7224,neutral,0.3138748109340668
7425,disgust,0.860344648361206
4336,neutral,0.4787437915802002
5593,surprise,0.8276596665382385
4411,joy,0.7499423027038574
5858,anger,0.9198993444442749
9343,neutral,0.5428159236907959
3991,disgust,0.8789840340614319
6079,neutral,0.772323489189148
1559,fear,0.8499266505241394
4682,sadness,0.6597886681556702
7557,disgust,0.4894973337650299
3772,surprise,0.45405420660972595
8779,disgust,0.7529473304748535
3457,disgust,0.39143887162208557
8383,disgust,0.8252582550048828
1354,anger,0.8363533020019531
45,joy,0.9165354371070862
9872,disgust,0.9188379049301147
748,neutral,0.6289443969726562
7917,joy,0.7713485360145569
4241,joy,0.505578875541687
5628,surprise,0.9683045148849487
4657,disgust,0.8937004208564758
4238,neutral,0.5356215238571167
3460,sadness,0.7737314105033875
7381,fear,0.9351295828819275
5549,sadness,0.4720012843608856
7075,joy,0.4283413887023926
5838,disgust,0.8847420811653137
8091,neutral,0.8934934735298157
5474,joy,0.4070397913455963
3614,disgust,0.614126980304718
7501,surprise,0.8593974709510803
7053,joy,0.8559120893478394
7367,sadness,0.76258385181427
8019,neutral,0.6734237670898438
9638,anger,0.45889586210250854
9055,neutral,0.3938320577144623
664,joy,0.43261656165122986
2319,disgust,0.7285528182983398
3542,fear,0.6076921820640564
3677,neutral,0.5113270878791809
9599,surprise,0.7981591820716858
3091,surprise,0.704042911529541
675,disgust,0.6826310157775879
8676,disgust,0.9051767587661743
4884,surprise,0.5547513365745544
8079,surprise,0.427132248878479
1962,surprise,0.9763054847717285
1840,joy,0.861756443977356
7168,fear,0.3990253508090973
9898,surprise,0.6614315509796143
3538,joy,0.9313759803771973
8026,neutral,0.8022708296775818
4866,joy,0.3635203242301941
4174,neutral,0.6983810663223267
8088,fear,0.35919880867004395
4377,neutral,0.7575128078460693
6211,neutral,0.6812074780464172
4766,disgust,0.6169544458389282
411,neutral,0.5270484089851379
613,joy,0.615408182144165
6126,joy,0.9398619532585144
5210,disgust,0.9683032035827637
1430,surprise,0.6938661336898804
2425,sadness,0.45379287004470825
8841,anger,0.7768259644508362
3833,sadness,0.8008256554603577
4718,sadness,0.39646223187446594
7185,fear,0.9046512842178345
1417,disgust,0.2919405996799469
7199,joy,0.5389354825019836
604,disgust,0.8563637733459473
1272,neutral,0.5108620524406433
3964,surprise,0.914036750793457
6367,disgust,0.49709832668304443
8746,fear,0.9185999631881714
247,joy,0.7350471019744873
9226,anger,0.41873010993003845
1982,joy,0.403342068195343
2835,neutral,0.47987693548202515
5375,disgust,0.3334154188632965
199,disgust,0.7953388094902039
485,disgust,0.6471849679946899
6083,neutral,0.2851381301879883
8956,surprise,0.9741340279579163
455,sadness,0.735815167427063
9798,neutral,0.7276387810707092
8826,fear,0.5395588278770447
6515,joy,0.40669986605644226
1721,joy,0.7635283470153809
7050,sadness,0.44143185019493103
6382,joy,0.9459011554718018
8165,disgust,0.9360618591308594
5767,surprise,0.6498119831085205
5809,disgust,0.4081782400608063
4626,neutral,0.5593411326408386
862,disgust,0.7811608910560608
2094,sadness,0.7003557085990906
947,neutral,0.37293949723243713
5641,neutral,0.35886311531066895
1444,neutral,0.3851204216480255
1280,joy,0.5004023909568787
3110,fear,0.8787643313407898
8952,sadness,0.8440199494361877
7609,surprise,0.4880879819393158
5135,disgust,0.8762428164482117
3016,fear,0.8605237007141113
2302,joy,0.3437329828739166
2004,surprise,0.2642865777015686
4580,fear,0.7027994990348816
8704,disgust,0.34839460253715515
1005,neutral,0.6332273483276367
5138,surprise,0.6652167439460754
4317,sadness,0.36451080441474915
6558,disgust,0.39324110746383667
4387,neutral,0.5952766537666321
2132,neutral,0.3984929323196411
4265,anger,0.9365836381912231
2057,neutral,0.45679962635040283
5386,surprise,0.8728109002113342
229,disgust,0.6078104972839355
2889,neutral,0.547243595123291
4472,joy,0.7393075227737427
6064,neutral,0.3450026512145996
7924,joy,0.7910231947898865
7649,neutral,0.44218337535858154
8381,joy,0.9260405898094177
209,fear,0.8148566484451294
2758,sadness,0.502061128616333
8471,surprise,0.9826148152351379
2948,neutral,0.33991336822509766
7116,fear,0.5847300887107849
6330,joy,0.6201837062835693
1728,fear,0.972960889339447
4176,disgust,0.911522626876831
337,surprise,0.7942433953285217
4984,anger,0.9706336259841919
6878,joy,0.9287389516830444
7248,joy,0.8482069373130798
8452,fear,0.8032718300819397
1226,fear,0.9417819380760193
7608,neutral,0.2837531566619873
6827,neutral,0.5713731050491333
3540,sadness,0.6234599947929382
5868,anger,0.4608282744884491
2111,disgust,0.32867321372032166
2691,fear,0.8852573037147522
7153,sadness,0.8594911694526672
3707,joy,0.809846043586731
1017,sadness,0.7029028534889221
8511,sadness,0.5063595175743103
2807,fear,0.9324475526809692
5015,neutral,0.33113235235214233
1928,disgust,0.7071388363838196
350,neutral,0.3793151080608368
5173,fear,0.7981772422790527
4192,sadness,0.7297072410583496
1934,disgust,0.393434077501297
6901,disgust,0.4151412844657898
4823,surprise,0.7369455099105835
564,fear,0.9541380405426025
1582,disgust,0.47963687777519226
4694,disgust,0.43547898530960083
2175,fear,0.5361012816429138
7028,neutral,0.7277878522872925
4880,neutral,0.5909579992294312
2228,neutral,0.5318671464920044
1115,neutral,0.48292937874794006
3126,sadness,0.3436358869075775
3544,neutral,0.6839441061019897
5048,disgust,0.8449199795722961
7476,disgust,0.6020818948745728
821,disgust,0.5132010579109192
6532,neutral,0.5674561858177185
2272,surprise,0.9646178483963013
5545,disgust,0.4108588695526123
81,disgust,0.8101831674575806
1323,fear,0.46642380952835083
9405,fear,0.8913425803184509
1614,neutral,0.39149945974349976
831,neutral,0.79860520362854
3883,fear,0.6707151532173157
8641,sadness,0.8929137587547302
4464,fear,0.6072400808334351
5339,fear,0.8683692812919617
8066,joy,0.9179269671440125
1649,disgust,0.5482572317123413
4065,neutral,0.40926530957221985
9665,sadness,0.8359664082527161
3038,neutral,0.5458420515060425
3320,disgust,0.4318001866340637
7143,disgust,0.5752683281898499
6889,sadness,0.47383713722229004
5092,anger,0.4235502779483795
3720,disgust,0.28655678033828735
2423,sadness,0.5650044679641724
749,sadness,0.9424195885658264
5271,fear,0.47240692377090454
2373,joy,0.827314555644989
4693,neutral,0.5041272640228271
9879,fear,0.499190092086792
8370,fear,0.24811537563800812
7319,sadness,0.9353122711181641
4368,disgust,0.48207220435142517
6785,disgust,0.5259448289871216
7401,disgust,0.2846223711967468
1139,disgust,0.751750111579895
7631,joy,0.9407195448875427
2231,joy,0.8910003304481506
2164,fear,0.5144215226173401
5217,neutral,0.7894718647003174
9444,joy,0.6808444857597351
9237,disgust,0.8842291831970215
4561,joy,0.9434884786605835
1570,disgust,0.6050400733947754
172,neutral,0.8245080709457397
7163,joy,0.95139080286026
2087,surprise,0.8080738186836243
4667,sadness,0.7616866827011108
4565,surprise,0.746857762336731
7089,disgust,0.45113232731819153
6569,neutral,0.6628236770629883
4783,sadness,0.892920732498169
2684,disgust,0.7558605670928955
1832,disgust,0.9567620158195496
8546,joy,0.5002692937850952
5065,neutral,0.8745595216751099
9130,anger,0.43528681993484497
9355,neutral,0.7426446676254272
4412,joy,0.6256730556488037
7207,neutral,0.670426070690155
9890,neutral,0.6452353596687317
834,joy,0.5429975390434265
6821,disgust,0.6235834360122681
3781,fear,0.5029849410057068
9012,neutral,0.6012197732925415
7499,disgust,0.8823069930076599
3424,neutral,0.6339045166969299
65,neutral,0.5095463395118713
2963,fear,0.4905818998813629
5669,disgust,0.8401888608932495
8962,disgust,0.7464890480041504
354,disgust,0.7331610321998596
8171,neutral,0.5726395845413208
4030,disgust,0.8753595352172852
8534,disgust,0.5197271704673767
3651,joy,0.5156553983688354
6739,sadness,0.8794244527816772
3297,disgust,0.8237218856811523
4127,sadness,0.7188035845756531
8043,disgust,0.7954563498497009
4767,neutral,0.36041906476020813
472,disgust,0.40721583366394043
3761,disgust,0.7521150708198547
8617,fear,0.7286759614944458
3566,neutral,0.31286558508872986
2760,anger,0.7857464551925659
868,disgust,0.6601466536521912
9382,disgust,0.7879964113235474
8688,neutral,0.5207107067108154
4052,neutral,0.5804322361946106
6130,disgust,0.8691776990890503
3244,surprise,0.9678477048873901
4842,disgust,0.8183335065841675
9330,fear,0.7496135234832764
5640,neutral,0.7170764207839966
5780,joy,0.9407029747962952
8540,fear,0.78355872631073
1075,disgust,0.3289733827114105
2957,joy,0.7599762678146362
6752,neutral,0.7507171630859375
8657,joy,0.8182151913642883
7272,disgust,0.9285836219787598
4759,neutral,0.8123680353164673
4862,neutral,0.4864220917224884
7025,disgust,0.6461662650108337
7647,joy,0.4912174642086029
7161,anger,0.5030453205108643
73,disgust,0.6005318760871887
4901,neutral,0.3785412907600403
4375,disgust,0.9244396686553955
6698,joy,0.7045477032661438
9805,neutral,0.5067039728164673
1101,disgust,0.934658944606781
9537,fear,0.3572460412979126
7655,joy,0.9051947593688965
5235,neutral,0.44382521510124207
5165,disgust,0.7145835161209106
118,joy,0.9536168575286865
2022,neutral,0.6442890763282776
9885,disgust,0.8528046011924744
2638,neutral,0.5080512166023254
2034,joy,0.8977555632591248
2564,neutral,0.7249931693077087
8665,disgust,0.4805981516838074
3543,disgust,0.8775150775909424
1219,fear,0.7068421840667725
9714,disgust,0.5385132431983948
6711,disgust,0.5258888006210327
2903,joy,0.6993802189826965
3026,neutral,0.8204343318939209
2510,neutral,0.7639774680137634
4201,anger,0.656182050704956
3207,disgust,0.8070659041404724
4489,neutral,0.3966018855571747
2755,disgust,0.44051823019981384
8889,neutral,0.8477088212966919
177,sadness,0.8704522848129272
1643,fear,0.9087918996810913
9292,joy,0.518561065196991
3518,neutral,0.461514413356781
1374,joy,0.572742223739624
1720,fear,0.7189145088195801
3995,joy,0.5089710354804993
3688,neutral,0.31811726093292236
2264,disgust,0.9713558554649353
87,sadness,0.5518330335617065
2848,disgust,0.7373932600021362
8687,disgust,0.6688073873519897
403,joy,0.6333675980567932
9900,disgust,0.8984946012496948
4077,disgust,0.3995533287525177
6835,disgust,0.5176600217819214
6537,neutral,0.6185919642448425
2456,joy,0.873598039150238
2751,neutral,0.5494877696037292
2214,disgust,0.8604814410209656
1027,sadness,0.8668555617332458
9703,surprise,0.7944387793540955
1421,neutral,0.43284058570861816
2436,fear,0.5589174628257751
4277,surprise,0.39668557047843933
9609,disgust,0.8336747884750366
1278,surprise,0.3736031651496887
6220,anger,0.8414424061775208
4907,surprise,0.9666399955749512
5064,joy,0.9037315249443054
1978,neutral,0.4132755994796753
1061,neutral,0.575829029083252
5014,neutral,0.7141798734664917
4535,surprise,0.37871307134628296
6993,joy,0.8589231967926025
9253,neutral,0.46670001745224
1502,surprise,0.576169490814209
8568,anger,0.5239968299865723
9314,sadness,0.9446485042572021
8836,surprise,0.83418869972229
8920,fear,0.6588830351829529
4918,joy,0.9766051173210144
678,disgust,0.7907394170761108
5076,joy,0.4792768955230713
8064,disgust,0.8315720558166504
7568,joy,0.9709346294403076
102,disgust,0.5165972113609314
957,disgust,0.8743771910667419
8556,disgust,0.41251614689826965
3785,disgust,0.9173951745033264
9630,disgust,0.394796222448349
7173,fear,0.33368632197380066
4043,surprise,0.8257338404655457
2648,sadness,0.6860015392303467
6000,joy,0.6817527413368225
7927,neutral,0.6294183731079102
2826,disgust,0.3940587639808655
4094,neutral,0.68695467710495
7774,surprise,0.4162713289260864
9258,disgust,0.4807063639163971
8113,joy,0.9829923510551453
4772,neutral,0.7463778853416443
1947,sadness,0.3591628670692444
6109,fear,0.6174793243408203
2299,neutral,0.4394073486328125
7844,surprise,0.6369741559028625
4382,fear,0.7131314277648926
5425,neutral,0.8067256808280945
6771,sadness,0.4777975380420685
8578,sadness,0.5662254691123962
4291,surprise,0.7533742785453796
528,neutral,0.7182711958885193
1233,disgust,0.6129573583602905
779,neutral,0.6719895005226135
5859,surprise,0.49711543321609497
3059,disgust,0.8939999341964722
8587,neutral,0.41437408328056335
1860,sadness,0.5168602466583252
8438,sadness,0.9055061340332031
7403,disgust,0.6944869160652161
4639,fear,0.8185839056968689
4250,surprise,0.47991943359375
1992,joy,0.5616307854652405
7379,sadness,0.7426491379737854
7305,disgust,0.5631842017173767
5303,neutral,0.7852948307991028
8192,sadness,0.5331087112426758
7447,disgust,0.7580037713050842
2471,fear,0.6910991668701172
7197,surprise,0.5070053339004517
5312,disgust,0.7896889448165894
9035,sadness,0.3240855038166046
1396,joy,0.9676231741905212
4002,disgust,0.2904212474822998
5371,fear,0.6204977035522461
3235,disgust,0.2716246247291565
1042,anger,0.4531753361225128
3298,joy,0.5998895764350891
7256,neutral,0.556119978427887
257,fear,0.8253383636474609
7286,sadness,0.5047943592071533
8616,disgust,0.2659682333469391
7816,sadness,0.2840293049812317
5843,sadness,0.8268360495567322
2089,disgust,0.9084007143974304
7702,sadness,0.5059276223182678
503,fear,0.7742390632629395
5265,fear,0.3799649477005005
8814,disgust,0.7727816104888916
1345,surprise,0.8870262503623962
8455,neutral,0.5307037234306335
5046,joy,0.5970231294631958
2248,disgust,0.7162579894065857
4981,disgust,0.754275381565094
372,fear,0.7078222632408142
8454,neutral,0.768341064453125
3370,neutral,0.7357445955276489
2006,fear,0.484374076128006
3656,joy,0.4675917327404022
8327,fear,0.726189911365509
7521,sadness,0.7650669813156128
4001,neutral,0.6295585036277771
6072,joy,0.5214007496833801
8736,neutral,0.6005915999412537
997,neutral,0.3841065764427185
8179,disgust,0.2949240207672119
3290,fear,0.6233652234077454
1176,anger,0.7042433619499207
551,surprise,0.4932768642902374
744,joy,0.49127626419067383
7223,disgust,0.25342339277267456
4554,joy,0.8789936304092407
2859,joy,0.9413800835609436
8820,disgust,0.5846291184425354
3459,disgust,0.809959352016449
2724,surprise,0.8389530777931213
6847,joy,0.6418308019638062
7615,disgust,0.6627599596977234
7547,disgust,0.4769441485404968
9174,surprise,0.7346327900886536
6393,disgust,0.7721034288406372
5358,sadness,0.9307515025138855
9488,disgust,0.9244818687438965
2968,fear,0.9615716934204102
693,surprise,0.7219053506851196
2533,joy,0.7408289909362793
6399,neutral,0.7150247693061829
982,disgust,0.8344263434410095
5364,joy,0.47335168719291687
79,sadness,0.4186639189720154
4053,disgust,0.28800952434539795
6258,neutral,0.4260898530483246
9576,neutral,0.4708045423030853
9025,joy,0.8057810664176941
3107,sadness,0.8525643348693848
3601,joy,0.8005589246749878
6073,neutral,0.8467909693717957
8126,joy,0.7306630611419678
2142,neutral,0.6299172639846802
6310,disgust,0.47993800044059753
2268,neutral,0.6408645510673523
445,neutral,0.8339728713035583
4883,disgust,0.545901358127594
4466,disgust,0.5596166253089905
9026,joy,0.46796056628227234
6632,joy,0.4419354796409607
3316,neutral,0.4103425443172455
1701,joy,0.506034255027771
2526,sadness,0.36505985260009766
68,anger,0.8775755763053894
1168,disgust,0.8041876554489136
48,anger,0.4747585654258728
1053,disgust,0.9078230261802673
4029,sadness,0.5902601480484009
880,surprise,0.8005678057670593
2651,fear,0.5370500087738037
7759,neutral,0.3512965738773346
2439,neutral,0.521411657333374
4924,neutral,0.7577764987945557
1467,sadness,0.8019657731056213
7292,surprise,0.9219387173652649
5035,disgust,0.6576904058456421
2441,disgust,0.6759690642356873
6554,sadness,0.8755282759666443
230,joy,0.8048214316368103
1320,joy,0.6341772675514221
41,joy,0.6028304100036621
777,joy,0.8436179757118225
8950,anger,0.7747035622596741
8404,disgust,0.4229874610900879
1729,disgust,0.7227813601493835
3910,joy,0.5254521369934082
579,disgust,0.34445181488990784
9941,neutral,0.3445245921611786
5839,joy,0.6718149781227112
8271,surprise,0.9677725434303284
7275,disgust,0.9208604693412781
1491,sadness,0.7199128866195679
9109,neutral,0.9043051600456238
5610,disgust,0.8483749628067017
61,surprise,0.6138269305229187
5471,disgust,0.3962254226207733
3905,neutral,0.514831006526947
6531,anger,0.368791401386261
402,surprise,0.5407976508140564
332,disgust,0.8409540057182312
2084,neutral,0.2654358148574829
9557,joy,0.862617015838623
164,neutral,0.5358992218971252
4379,neutral,0.49761295318603516
2715,fear,0.6670791506767273
8923,disgust,0.7968913912773132
7346,neutral,0.6992613077163696
5453,neutral,0.4665662348270416
7046,fear,0.7243027687072754
1334,neutral,0.6257872581481934
8698,disgust,0.5697227120399475
1659,sadness,0.5839452147483826
3578,disgust,0.47619205713272095
753,sadness,0.903941810131073
6584,sadness,0.35964637994766235
706,neutral,0.6907171010971069
3014,disgust,0.4805549681186676
8558,joy,0.7079476714134216
9875,anger,0.6465778350830078
9582,joy,0.6416019201278687
8928,sadness,0.8871925473213196
9556,neutral,0.7661594748497009
8983,joy,0.6406602263450623
1834,sadness,0.5781937837600708
2996,neutral,0.6824938058853149
5427,sadness,0.5489166378974915
3879,disgust,0.8849737048149109
7156,joy,0.9049776792526245
5081,neutral,0.4978545308113098
9114,neutral,0.5445429086685181
7244,sadness,0.8929207921028137
5400,disgust,0.44185736775398254
5395,surprise,0.9693973064422607
9427,surprise,0.6894124746322632
2246,neutral,0.7583260536193848
835,sadness,0.8575642704963684
8394,neutral,0.8639938831329346
9042,disgust,0.778992235660553
432,disgust,0.693149983882904
3378,fear,0.9281548857688904
6817,disgust,0.8582154512405396
8131,disgust,0.7056233882904053
9621,disgust,0.6940510272979736
6066,sadness,0.6909419894218445
1193,sadness,0.9609442353248596
6934,sadness,0.4241422712802887
5461,neutral,0.357341468334198
3071,disgust,0.6393373608589172
3044,disgust,0.4503467381000519
3263,joy,0.42980045080184937
2729,disgust,0.5729924440383911
3433,sadness,0.5995759963989258
433,sadness,0.5614607930183411
3272,fear,0.8659873604774475
7001,sadness,0.8218514323234558
9726,disgust,0.6188905239105225
104,disgust,0.9300598502159119
3315,neutral,0.6996535062789917
1656,fear,0.8458326458930969
1533,surprise,0.7713955640792847
4680,sadness,0.4222884476184845
8813,joy,0.9281008243560791
9002,surprise,0.3725229799747467
6622,disgust,0.5196751356124878
1443,sadness,0.38279879093170166
214,joy,0.38322415947914124
5356,disgust,0.8668696880340576
9218,sadness,0.4789867103099823
6322,neutral,0.5920355916023254
4989,neutral,0.7498980760574341
1419,fear,0.964286744594574
9516,sadness,0.3757798969745636
8606,surprise,0.3836080729961395
181,fear,0.8619864583015442
4352,surprise,0.4849494993686676
8700,fear,0.4616556465625763
2446,joy,0.42369505763053894
5321,fear,0.4049305319786072
8045,neutral,0.5254385471343994
5684,neutral,0.6747260093688965
3532,surprise,0.3607703149318695
8244,disgust,0.48837196826934814
7976,surprise,0.9400008320808411
3698,sadness,0.4144017696380615
70,disgust,0.9372224807739258
544,neutral,0.6403685808181763
1204,surprise,0.4706430435180664
3078,disgust,0.8455380201339722
9106,neutral,0.6928618550300598
9120,disgust,0.49711912870407104
9680,fear,0.9011238813400269
6180,disgust,0.32855120301246643
8329,neutral,0.4032408893108368
4284,fear,0.487954318523407
4007,disgust,0.33621320128440857
8713,anger,0.9328873753547668
877,neutral,0.5007171630859375
8060,sadness,0.26120316982269287
196,joy,0.5756024122238159
9746,joy,0.6091340184211731
4010,neutral,0.5997263193130493
9962,neutral,0.4005488157272339
2571,sadness,0.39950665831565857
3753,joy,0.6436948776245117
9247,disgust,0.8366079926490784
8628,joy,0.5008401274681091
9368,sadness,0.7553431391716003
6159,sadness,0.6834141612052917
4791,joy,0.8048309087753296
5337,neutral,0.47255563735961914
3024,neutral,0.6806088089942932
2718,surprise,0.5404692888259888
8655,disgust,0.5983951091766357
6916,disgust,0.9100270867347717
3984,sadness,0.824594259262085
7308,neutral,0.5344704389572144
5953,fear,0.7495056986808777
3844,disgust,0.6205809712409973
2682,disgust,0.914925217628479
4024,disgust,0.8658219575881958
8715,neutral,0.4047909677028656
3139,joy,0.5647079348564148
4237,disgust,0.6543462872505188
218,disgust,0.6845806241035461
6618,sadness,0.568780779838562
9606,neutral,0.6215150952339172
5268,joy,0.42565232515335083
2543,joy,0.4068543314933777
2870,disgust,0.42439016699790955
1244,fear,0.6679303646087646
420,disgust,0.7365820407867432
6227,neutral,0.5594074726104736
2058,neutral,0.5177844166755676
8493,joy,0.9541586637496948
6434,neutral,0.41630932688713074
3422,sadness,0.8959376811981201
4510,neutral,0.7795760035514832
1166,disgust,0.8703218698501587
254,neutral,0.49664193391799927
415,sadness,0.4480084180831909
9175,sadness,0.36170098185539246
3469,neutral,0.5213019251823425
3050,joy,0.853851854801178
759,surprise,0.4618256092071533
1385,neutral,0.7394269108772278
654,sadness,0.7737780213356018
1201,fear,0.48264047503471375
2413,fear,0.6524744629859924
5579,surprise,0.9700330495834351
5993,sadness,0.8637524843215942
5294,disgust,0.6510417461395264
3055,sadness,0.9071557521820068
2830,disgust,0.621261715888977
2970,joy,0.9503605961799622
328,joy,0.8564735054969788
4270,neutral,0.824181318283081
5994,disgust,0.5920612812042236
4392,sadness,0.41433778405189514
2063,joy,0.9324777126312256
8301,disgust,0.3259822726249695
9013,disgust,0.4187113046646118
9329,sadness,0.7038273811340332
5169,joy,0.8671743869781494
4429,disgust,0.4845825731754303
1281,neutral,0.2627207636833191
3381,neutral,0.843285322189331
2636,disgust,0.6623629927635193
3328,joy,0.8356478214263916
6436,joy,0.6424488425254822
5018,joy,0.7008136510848999
7324,surprise,0.5034907460212708
3795,anger,0.9232105612754822
2663,neutral,0.26769423484802246
8282,anger,0.3766413927078247
1282,joy,0.7496768832206726
4148,surprise,0.536058783531189
1362,surprise,0.9681347608566284
1437,joy,0.5766727328300476
9628,disgust,0.4643186926841736
3441,neutral,0.3994501829147339
56,neutral,0.5459979176521301
4597,fear,0.7227433919906616
8479,neutral,0.5730118155479431
5365,neutral,0.3813692033290863
1844,joy,0.44065600633621216
5515,disgust,0.9750974178314209
8573,sadness,0.6136747002601624
6263,anger,0.46917006373405457
2880,fear,0.316270112991333
1743,neutral,0.4981546103954315
8398,sadness,0.4549258053302765
4169,surprise,0.9804708957672119
5197,disgust,0.2879466414451599
8993,joy,0.7905884385108948
740,joy,0.5019629597663879
9066,disgust,0.7417168617248535
1624,joy,0.4548702538013458
524,disgust,0.34098973870277405
7999,disgust,0.6839167475700378
4419,neutral,0.819166898727417
5426,neutral,0.5265861749649048
6689,surprise,0.7951163649559021
7382,joy,0.7735027074813843
435,surprise,0.44717949628829956
2960,sadness,0.5424990057945251
308,disgust,0.9051163792610168
1565,surprise,0.8932933807373047
2631,disgust,0.8957493901252747
5597,joy,0.8270067572593689
9477,disgust,0.7605276107788086
401,disgust,0.29690223932266235
3826,surprise,0.3329027593135834
881,anger,0.6163905262947083
3997,neutral,0.6093644499778748
7118,joy,0.5869104266166687
3265,fear,0.7672862410545349
8406,joy,0.5633615851402283
5009,fear,0.830866277217865
5736,disgust,0.6226627230644226
5554,neutral,0.45903676748275757
288,sadness,0.6996195316314697
5564,fear,0.8115642666816711
8324,neutral,0.7004418969154358
2623,joy,0.5786261558532715
8859,sadness,0.41331493854522705
476,disgust,0.9692314267158508
8591,joy,0.7206087708473206
9713,fear,0.484311044216156
6522,joy,0.9539994597434998
3111,anger,0.37711772322654724
9470,disgust,0.7849549055099487
737,fear,0.635867714881897
3133,neutral,0.5591239929199219
8047,joy,0.7107386589050293
6551,fear,0.8880401253700256
5407,disgust,0.7221937775611877
5563,fear,0.8538326621055603
5328,fear,0.3624042868614197
6718,fear,0.6587567329406738
5118,disgust,0.9093572497367859
4619,fear,0.5909810662269592
3689,neutral,0.6469725370407104
7716,surprise,0.9679287672042847
1839,neutral,0.45588067173957825
1995,neutral,0.7366154789924622
2399,neutral,0.6906797289848328
6510,fear,0.8900450468063354
9356,neutral,0.4369488060474396
4119,sadness,0.8843678832054138
5894,joy,0.3674648106098175
800,neutral,0.5261381268501282
8423,sadness,0.5524007081985474
7680,disgust,0.643674910068512
1405,neutral,0.68808513879776
5431,neutral,0.8561769127845764
69,neutral,0.6561498045921326
9543,sadness,0.7683959603309631
2759,neutral,0.47332635521888733
8294,neutral,0.5911076068878174
1586,neutral,0.5163239240646362
6666,sadness,0.4827902019023895
8014,disgust,0.8271802067756653
1074,sadness,0.7779588103294373
3063,anger,0.9067724347114563
6487,surprise,0.8010107278823853
4705,disgust,0.7637744545936584
